Type,AudioCategory,WWiseIdKey,WWiseIdValue,GroupName,AliasName,Comment
Event,,Play__App__Music_Dim_Off,1721389992,App,Music_Dim_Off,
Event,,Play__App__Music_Dim_On,3577443762,App,Music_Dim_On,
Event,,Play__App__Music_Vc_Mode_Off,2840054831,App,Music_Vc_Mode_Off,
Event,,Play__App__Music_Vc_Mode_On,708318267,App,Music_Vc_Mode_On,
Event,,Play__Codelab__Music_Hot_Potato_Level_1_Loop,716489468,Codelab,Music_Hot_Potato_Level_1_Loop,
Event,,Play__Codelab__Music_Hot_Potato_Level_2_Loop,2357357213,Codelab,Music_Hot_Potato_Level_2_Loop,
Event,,Play__Codelab__Music_Hot_Potato_Level_3_Loop,2340195146,Codelab,Music_Hot_Potato_Level_3_Loop,
Event,,Play__Codelab__Music_Hot_Potato_Level_4_Loop,4097176099,Codelab,Music_Hot_Potato_Level_4_Loop,
Event,,Play__Codelab__Music_Loop_Disco_1_135Bpm_Loop,3240635444,Codelab,Music_Loop_Disco_1_135Bpm_Loop,
Event,,Play__Codelab__Music_Style_80S_1_159Bpm_Loop,1808088864,Codelab,Music_Style_80S_1_159Bpm_Loop,
Event,,Play__Codelab__Music_Style_Mambo_1_183Bpm_Loop,1905159696,Codelab,Music_Style_Mambo_1_183Bpm_Loop,
Event,,Play__Codelab__Music_Tiny_Orchestra_Bass_01_Loop,1352943452,Codelab,Music_Tiny_Orchestra_Bass_01_Loop,
Event,,Play__Codelab__Music_Tiny_Orchestra_Bass_02_Loop,3270107901,Codelab,Music_Tiny_Orchestra_Bass_02_Loop,
Event,,Play__Codelab__Music_Tiny_Orchestra_Bass_03_Loop,3677506218,Codelab,Music_Tiny_Orchestra_Bass_03_Loop,
Event,,Play__Codelab__Music_Tiny_Orchestra_Glock_Pluck_01_Loop,2091022501,Codelab,Music_Tiny_Orchestra_Glock_Pluck_01_Loop,
Event,,Play__Codelab__Music_Tiny_Orchestra_Glock_Pluck_02_Loop,1416718788,Codelab,Music_Tiny_Orchestra_Glock_Pluck_02_Loop,
Event,,Play__Codelab__Music_Tiny_Orchestra_Glock_Pluck_03_Loop,668702647,Codelab,Music_Tiny_Orchestra_Glock_Pluck_03_Loop,
Event,,Play__Codelab__Music_Tiny_Orchestra_Strings_01_Loop,846761783,Codelab,Music_Tiny_Orchestra_Strings_01_Loop,
Event,,Play__Codelab__Music_Tiny_Orchestra_Strings_02_Loop,363664914,Codelab,Music_Tiny_Orchestra_Strings_02_Loop,
Event,,Play__Codelab__Music_Tiny_Orchestra_Strings_03_Loop,2269081637,Codelab,Music_Tiny_Orchestra_Strings_03_Loop,
Event,,Play__Codelab__Sfx_Cube_Light,1237348851,Codelab,Sfx_Cube_Light,
Event,,Play__Codelab__Sfx_Game_Lose,1551222965,Codelab,Sfx_Game_Lose,
Event,,Play__Codelab__Sfx_Game_Win,2440620400,Codelab,Sfx_Game_Win,
Event,,Play__Codelab__Sfx_Hot_Potato_Cube_Ready,1379908684,Codelab,Sfx_Hot_Potato_Cube_Ready,
Event,,Play__Codelab__Sfx_Hot_Potato_Pass,17262752,Codelab,Sfx_Hot_Potato_Pass,
Event,,Play__Codelab__Sfx_Hot_Potato_Timer_End,1167243172,Codelab,Sfx_Hot_Potato_Timer_End,
Event,,Play__Codelab__Sfx_Magic8_Message_Reveal,4071915446,Codelab,Sfx_Magic8_Message_Reveal,
Event,,Play__Codelab__Sfx_Magnet_Attract,3253652261,Codelab,Sfx_Magnet_Attract,
Event,,Play__Codelab__Sfx_Magnet_Repel,131125164,Codelab,Sfx_Magnet_Repel,
Event,,Play__Codelab__Sfx_Shared_Countdown,3959673678,Codelab,Sfx_Shared_Countdown,
Event,,Play__Codelab__Sfx_Shared_Cube_Light_On,2279105405,Codelab,Sfx_Shared_Cube_Light_On,
Event,,Play__Codelab__Sfx_Shared_Error,2368558265,Codelab,Sfx_Shared_Error,
Event,,Play__Codelab__Sfx_Shared_Success,211381434,Codelab,Sfx_Shared_Success,
Event,,Play__Codelab__Sfx_Shared_Timer_Click,3038792837,Codelab,Sfx_Shared_Timer_Click,
Event,,Play__Codelab__Sfx_Shared_Timer_End,343938494,Codelab,Sfx_Shared_Timer_End,
Event,,Play__Codelab__Sfx_Shared_Timer_Warning,1420860677,Codelab,Sfx_Shared_Timer_Warning,
Event,,Play__Coz_App__Enter_Background,2017190380,Coz_App,Enter_Background,
Event,,Play__Coz_App__Enter_Foreground,1225777195,Coz_App,Enter_Foreground,
Event,,Play__Cue_World_Event__Cubes_Stacked,3962867948,Cue_World_Event,Cubes_Stacked,
Event,,Play__Cue_World_Event__Lift_Cube,3181878805,Cue_World_Event,Lift_Cube,
Event,,Play__Cue_World_Event__Request_Game,1823437100,Cue_World_Event,Request_Game,
Event,,Play__Dev_Device__External_Source,3462246304,Dev_Device,External_Source,
Event,,Play__Dev_Device__Tone_Generator,2415524415,Dev_Device,Tone_Generator,
Event,,Play__Dev_Robot__Angry_Muttering,2839960576,Dev_Robot,Angry_Muttering,
Event,,Play__Dev_Robot__Curious_Muttering,2942381837,Dev_Robot,Curious_Muttering,
Event,,Play__Dev_Robot__External_Source,2539447680,Dev_Robot,External_Source,
Event,,Play__Dev_Robot__Freq_Sweep_20Sec,4128432838,Dev_Robot,Freq_Sweep_20Sec,
Event,,Play__Dev_Robot__Freq_Sweep_5Sec,253187573,Dev_Robot,Freq_Sweep_5Sec,
Event,,Play__Dev_Robot__Mozart,627442460,Dev_Robot,Mozart,
Event,,Play__Dev_Robot__Pink_1Sec,3980968688,Dev_Robot,Pink_1Sec,
Event,,Play__Dev_Robot__Pink_5Sec,988519260,Dev_Robot,Pink_5Sec,
Event,,Play__Dev_Robot__Playpen_Freq_Sweep,2363892348,Dev_Robot,Playpen_Freq_Sweep,
Event,,Play__Dev_Robot__Tone_10_Frames_01,211516390,Dev_Robot,Tone_10_Frames_01,
Event,,Play__Dev_Robot__Tone_150_Frames_01,1536061703,Dev_Robot,Tone_150_Frames_01,
Event,,Play__Dev_Robot__Tone_1760Hz_5Sec,3488492107,Dev_Robot,Tone_1760Hz_5Sec,
Event,,Play__Dev_Robot__Tone_1K_1Sec,4068444155,Dev_Robot,Tone_1K_1Sec,
Event,,Play__Dev_Robot__Tone_1K_5Sec,1034417959,Dev_Robot,Tone_1K_5Sec,
Event,,Play__Dev_Robot__Tone_30_Frames_01,2834616264,Dev_Robot,Tone_30_Frames_01,
Event,,Play__Dev_Robot__Tone_440Hz_5Sec,1471825745,Dev_Robot,Tone_440Hz_5Sec,
Event,,Play__Music__Play,2748524418,Music,Play,
Event,,Play__Robot_Sfx__Arcade_Bouncer_Bounce,2333331537,Robot_Sfx,Arcade_Bouncer_Bounce,
Event,,Play__Robot_Sfx__Arcade_Bouncer_Bounce_Paddle,1207847204,Robot_Sfx,Arcade_Bouncer_Bounce_Paddle,
Event,,Play__Robot_Sfx__Arcade_Bouncer_Fail,999041549,Robot_Sfx,Arcade_Bouncer_Fail,
Event,,Play__Robot_Sfx__Bored_Brickout,4013569785,Robot_Sfx,Bored_Brickout,
Event,,Play__Robot_Sfx__Bored_Pendulum,62303530,Robot_Sfx,Bored_Pendulum,
Event,,Play__Robot_Sfx__Bored_Slot,3905586496,Robot_Sfx,Bored_Slot,
Event,,Play__Robot_Sfx__Bpk_Blue_Loop_Play,4211412779,Robot_Sfx,Bpk_Blue_Loop_Play,
Event,,Play__Robot_Sfx__Bpk_Green_Loop_Play,1352654968,Robot_Sfx,Bpk_Green_Loop_Play,
Event,,Play__Robot_Sfx__Bpk_Red_Loop_Play,2658520760,Robot_Sfx,Bpk_Red_Loop_Play,
Event,,Play__Robot_Sfx__Bpk_White_Loop_Play,118136366,Robot_Sfx,Bpk_White_Loop_Play,
Event,,Play__Robot_Sfx__Dog_Siren,2814310779,Robot_Sfx,Dog_Siren,
Event,,Play__Robot_Sfx__Effort_Fail,3308460754,Robot_Sfx,Effort_Fail,
Event,,Play__Robot_Sfx__Effort_Long,668351040,Robot_Sfx,Effort_Long,
Event,,Play__Robot_Sfx__Effort_Medium,3696071919,Robot_Sfx,Effort_Medium,
Event,,Play__Robot_Sfx__Fist_Bump,1216170354,Robot_Sfx,Fist_Bump,
Event,,Play__Robot_Sfx__Guard_Dog_Fail,2830692182,Robot_Sfx,Guard_Dog_Fail,
Event,,Play__Robot_Sfx__Nurture_Feeding_Severe_Slurp_1,2997826879,Robot_Sfx,Nurture_Feeding_Severe_Slurp_1,
Event,,Play__Robot_Sfx__Nurture_Feeding_Severe_Slurp_2,2997826876,Robot_Sfx,Nurture_Feeding_Severe_Slurp_2,
Event,,Play__Robot_Sfx__Nurture_Feeding_Slurp_1,1851457030,Robot_Sfx,Nurture_Feeding_Slurp_1,
Event,,Play__Robot_Sfx__Nurture_Feeding_Slurp_2,1851457029,Robot_Sfx,Nurture_Feeding_Slurp_2,
Event,,Play__Robot_Sfx__Nurture_Feeding_Slurp_3,1851457028,Robot_Sfx,Nurture_Feeding_Slurp_3,
Event,,Play__Robot_Sfx__Nurture_Feeding_Slurp_End,724172172,Robot_Sfx,Nurture_Feeding_Slurp_End,
Event,,Play__Robot_Sfx__Nurture_Feeding_Slurp_Fail_01,254560797,Robot_Sfx,Nurture_Feeding_Slurp_Fail_01,
Event,,Play__Robot_Sfx__Nurture_Feeding_Slurp_Severe_End,2493765627,Robot_Sfx,Nurture_Feeding_Slurp_Severe_End,
Event,,Play__Robot_Sfx__Onboarding_Power_On,3840096848,Robot_Sfx,Onboarding_Power_On,
Event,,Play__Robot_Sfx__Qa_Scrn_Angry_Long,456773531,Robot_Sfx,Qa_Scrn_Angry_Long,
Event,,Play__Robot_Sfx__Qa_Scrn_Sad_Long,2927747014,Robot_Sfx,Qa_Scrn_Sad_Long,
Event,,Play__Robot_Sfx__Qa_Scrn_Surprised_Long,1297306135,Robot_Sfx,Qa_Scrn_Surprised_Long,
Event,,Play__Robot_Sfx__Repair_Calibrate,2827992012,Robot_Sfx,Repair_Calibrate,
Event,,Play__Robot_Sfx__Scan_Loop_Stop_Bell,177966030,Robot_Sfx,Scan_Loop_Stop_Bell,
Event,,Play__Robot_Sfx__Scan_Single,3220792573,Robot_Sfx,Scan_Single,
Event,,Play__Robot_Sfx__Scrn_Angry,2974471057,Robot_Sfx,Scrn_Angry,
Event,,Play__Robot_Sfx__Scrn_Angry_Long,3501460118,Robot_Sfx,Scrn_Angry_Long,
Event,,Play__Robot_Sfx__Scrn_Angry_Loop_Play,2332165935,Robot_Sfx,Scrn_Angry_Loop_Play,
Event,,Play__Robot_Sfx__Scrn_Angry_Short,105427450,Robot_Sfx,Scrn_Angry_Short,
Event,,Play__Robot_Sfx__Scrn_Angry_Single,1286585712,Robot_Sfx,Scrn_Angry_Single,
Event,,Play__Robot_Sfx__Scrn_Blink,2666670780,Robot_Sfx,Scrn_Blink,
Event,,Play__Robot_Sfx__Scrn_Curious,1701725212,Robot_Sfx,Scrn_Curious,
Event,,Play__Robot_Sfx__Scrn_Curious_Long,3031263429,Robot_Sfx,Scrn_Curious_Long,
Event,,Play__Robot_Sfx__Scrn_Curious_Loop_Play,1038670390,Robot_Sfx,Scrn_Curious_Loop_Play,
Event,,Play__Robot_Sfx__Scrn_Curious_Pitch_Up,3559153577,Robot_Sfx,Scrn_Curious_Pitch_Up,
Event,,Play__Robot_Sfx__Scrn_Curious_Short,2929211683,Robot_Sfx,Scrn_Curious_Short,
Event,,Play__Robot_Sfx__Scrn_Curious_Single,2347235575,Robot_Sfx,Scrn_Curious_Single,
Event,,Play__Robot_Sfx__Scrn_Glitch,580622593,Robot_Sfx,Scrn_Glitch,
Event,,Play__Robot_Sfx__Scrn_Glitch_Long,3415600454,Robot_Sfx,Scrn_Glitch_Long,
Event,,Play__Robot_Sfx__Scrn_Glitch_Sad,1711545752,Robot_Sfx,Scrn_Glitch_Sad,
Event,,Play__Robot_Sfx__Scrn_Glitch_Sad_Long,3293965457,Robot_Sfx,Scrn_Glitch_Sad_Long,
Event,,Play__Robot_Sfx__Scrn_Glitch_Sad_Short,3878465287,Robot_Sfx,Scrn_Glitch_Sad_Short,
Event,,Play__Robot_Sfx__Scrn_Glitch_Short,1616916842,Robot_Sfx,Scrn_Glitch_Short,
Event,,Play__Robot_Sfx__Scrn_Go_To_Sleep,2177539960,Robot_Sfx,Scrn_Go_To_Sleep,
Event,,Play__Robot_Sfx__Scrn_Happy,302804072,Robot_Sfx,Scrn_Happy,
Event,,Play__Robot_Sfx__Scrn_Happy_Long,1961931745,Robot_Sfx,Scrn_Happy_Long,
Event,,Play__Robot_Sfx__Scrn_Happy_Loop_Play,2681596674,Robot_Sfx,Scrn_Happy_Loop_Play,
Event,,Play__Robot_Sfx__Scrn_Happy_Short,3678808343,Robot_Sfx,Scrn_Happy_Short,
Event,,Play__Robot_Sfx__Scrn_Happy_Single,1484658355,Robot_Sfx,Scrn_Happy_Single,
Event,,Play__Robot_Sfx__Scrn_Look,3560778311,Robot_Sfx,Scrn_Look,
Event,,Play__Robot_Sfx__Scrn_Sad,2370771958,Robot_Sfx,Scrn_Sad,
Event,,Play__Robot_Sfx__Scrn_Sad_Long,1620542011,Robot_Sfx,Scrn_Sad_Long,
Event,,Play__Robot_Sfx__Scrn_Sad_Short,2584633397,Robot_Sfx,Scrn_Sad_Short,
Event,,Play__Robot_Sfx__Scrn_Sad_Single,775385813,Robot_Sfx,Scrn_Sad_Single,
Event,,Play__Robot_Sfx__Scrn_Single,2203795650,Robot_Sfx,Scrn_Single,
Event,,Play__Robot_Sfx__Scrn_Surprised,3774252557,Robot_Sfx,Scrn_Surprised,
Event,,Play__Robot_Sfx__Scrn_Surprised_Long,1923508322,Robot_Sfx,Scrn_Surprised_Long,
Event,,Play__Robot_Sfx__Scrn_Surprised_Short,3952553918,Robot_Sfx,Scrn_Surprised_Short,
Event,,Play__Robot_Sfx__Scrn_Surprised_Single,3984545916,Robot_Sfx,Scrn_Surprised_Single,
Event,,Play__Robot_Sfx__Sparked_Workout_Break,1558032299,Robot_Sfx,Sparked_Workout_Break,
Event,,Play__Robot_Sfx__Sparked_Workout_Break_Loop,2454903272,Robot_Sfx,Sparked_Workout_Break_Loop,
Event,,Play__Robot_Sfx__Srv_Angry,1322826570,Robot_Sfx,Srv_Angry,
Event,,Play__Robot_Sfx__Srv_Angry_Long,3491658847,Robot_Sfx,Srv_Angry_Long,
Event,,Play__Robot_Sfx__Srv_Angry_Loop_Play,817116172,Robot_Sfx,Srv_Angry_Loop_Play,
Event,,Play__Robot_Sfx__Srv_Angry_Short,3765708529,Robot_Sfx,Srv_Angry_Short,
Event,,Play__Robot_Sfx__Srv_Curious,1279900047,Robot_Sfx,Srv_Curious,
Event,,Play__Robot_Sfx__Srv_Curious_Long,3969150064,Robot_Sfx,Srv_Curious_Long,
Event,,Play__Robot_Sfx__Srv_Curious_Loop_Play,3522657877,Robot_Sfx,Srv_Curious_Loop_Play,
Event,,Play__Robot_Sfx__Srv_Curious_Short,974094096,Robot_Sfx,Srv_Curious_Short,
Event,,Play__Robot_Sfx__Srv_Happy,2128944011,Robot_Sfx,Srv_Happy,
Event,,Play__Robot_Sfx__Srv_Happy_Long,2435936364,Robot_Sfx,Srv_Happy_Long,
Event,,Play__Robot_Sfx__Srv_Happy_Loop_Play,1644950641,Robot_Sfx,Srv_Happy_Loop_Play,
Event,,Play__Robot_Sfx__Srv_Happy_Short,105551732,Robot_Sfx,Srv_Happy_Short,
Event,,Play__Robot_Sfx__Srv_Sad,3613386685,Robot_Sfx,Srv_Sad,
Event,,Play__Robot_Sfx__Srv_Sad_Long,25316626,Robot_Sfx,Srv_Sad_Long,
Event,,Play__Robot_Sfx__Srv_Sad_Short,3699079406,Robot_Sfx,Srv_Sad_Short,
Event,,Play__Robot_Sfx__Srv_Surprised,1907152766,Robot_Sfx,Srv_Surprised,
Event,,Play__Robot_Sfx__Srv_Surprised_Long,3606017555,Robot_Sfx,Srv_Surprised_Long,
Event,,Play__Robot_Sfx__Srv_Surprised_Short,4054065165,Robot_Sfx,Srv_Surprised_Short,
Event,,Play__Robot_Sfx__Wink,3564343056,Robot_Sfx,Wink,
Event,,Play__Robot_Vic_Scene__Anim_Abort,3575715931,Robot_Vic_Scene,Anim_Abort,
Event,,Play__Robot_Vic_Scene__Mov_Rtpc_Reset,1762574059,Robot_Vic_Scene,Mov_Rtpc_Reset,
Event,,Play__Robot_Vic_Sfx__Blink,3688286452,Robot_Vic_Sfx,Blink,
Event,,Play__Robot_Vic_Sfx__Camera_Flash,3043844820,Robot_Vic_Sfx,Camera_Flash,
Event,,Play__Robot_Vic_Sfx__Dsp_Loop_Play,4074272165,Robot_Vic_Sfx,Dsp_Loop_Play,
Event,,Play__Robot_Vic_Sfx__Head_Down_Long,4160539616,Robot_Vic_Sfx,Head_Down_Long,
Event,,Play__Robot_Vic_Sfx__Head_Down_Long_Angry,1500480562,Robot_Vic_Sfx,Head_Down_Long_Angry,
Event,,Play__Robot_Vic_Sfx__Head_Down_Long_Curious,4129494295,Robot_Vic_Sfx,Head_Down_Long_Curious,
Event,,Play__Robot_Vic_Sfx__Head_Down_Long_Excited,2727115439,Robot_Vic_Sfx,Head_Down_Long_Excited,
Event,,Play__Robot_Vic_Sfx__Head_Down_Long_Neutral,1242048048,Robot_Vic_Sfx,Head_Down_Long_Neutral,
Event,,Play__Robot_Vic_Sfx__Head_Down_Long_Sad,1984864293,Robot_Vic_Sfx,Head_Down_Long_Sad,
Event,,Play__Robot_Vic_Sfx__Head_Down_Micro_Angry,948923880,Robot_Vic_Sfx,Head_Down_Micro_Angry,
Event,,Play__Robot_Vic_Sfx__Head_Down_Micro_Curious,16087513,Robot_Vic_Sfx,Head_Down_Micro_Curious,
Event,,Play__Robot_Vic_Sfx__Head_Down_Micro_Excited,3309105517,Robot_Vic_Sfx,Head_Down_Micro_Excited,
Event,,Play__Robot_Vic_Sfx__Head_Down_Micro_Neutral,571987810,Robot_Vic_Sfx,Head_Down_Micro_Neutral,
Event,,Play__Robot_Vic_Sfx__Head_Down_Micro_Sad,2026706803,Robot_Vic_Sfx,Head_Down_Micro_Sad,
Event,,Play__Robot_Vic_Sfx__Head_Down_Short,2054491008,Robot_Vic_Sfx,Head_Down_Short,
Event,,Play__Robot_Vic_Sfx__Head_Down_Short_Angry,1937738898,Robot_Vic_Sfx,Head_Down_Short_Angry,
Event,,Play__Robot_Vic_Sfx__Head_Down_Short_Curious,3765223799,Robot_Vic_Sfx,Head_Down_Short_Curious,
Event,,Play__Robot_Vic_Sfx__Head_Down_Short_Excited,1195953423,Robot_Vic_Sfx,Head_Down_Short_Excited,
Event,,Play__Robot_Vic_Sfx__Head_Down_Short_Neutral,4005853328,Robot_Vic_Sfx,Head_Down_Short_Neutral,
Event,,Play__Robot_Vic_Sfx__Head_Down_Short_Sad,3914244997,Robot_Vic_Sfx,Head_Down_Short_Sad,
Event,,Play__Robot_Vic_Sfx__Head_Loop_Play,1357335898,Robot_Vic_Sfx,Head_Loop_Play,
Event,,Play__Robot_Vic_Sfx__Head_Up_Long,3825278913,Robot_Vic_Sfx,Head_Up_Long,
Event,,Play__Robot_Vic_Sfx__Head_Up_Long_Angry,333319843,Robot_Vic_Sfx,Head_Up_Long_Angry,
Event,,Play__Robot_Vic_Sfx__Head_Up_Long_Curious,485658282,Robot_Vic_Sfx,Head_Up_Long_Curious,
Event,,Play__Robot_Vic_Sfx__Head_Up_Long_Excited,2834027966,Robot_Vic_Sfx,Head_Up_Long_Excited,
Event,,Play__Robot_Vic_Sfx__Head_Up_Long_Neutral,2918178017,Robot_Vic_Sfx,Head_Up_Long_Neutral,
Event,,Play__Robot_Vic_Sfx__Head_Up_Long_Sad,1851080792,Robot_Vic_Sfx,Head_Up_Long_Sad,
Event,,Play__Robot_Vic_Sfx__Head_Up_Micro_Angry,2904355467,Robot_Vic_Sfx,Head_Up_Micro_Angry,
Event,,Play__Robot_Vic_Sfx__Head_Up_Micro_Curious,4157094450,Robot_Vic_Sfx,Head_Up_Micro_Curious,
Event,,Play__Robot_Vic_Sfx__Head_Up_Micro_Excited,389997670,Robot_Vic_Sfx,Head_Up_Micro_Excited,
Event,,Play__Robot_Vic_Sfx__Head_Up_Micro_Neutral,4233613545,Robot_Vic_Sfx,Head_Up_Micro_Neutral,
Event,,Play__Robot_Vic_Sfx__Head_Up_Micro_Sad,1268088608,Robot_Vic_Sfx,Head_Up_Micro_Sad,
Event,,Play__Robot_Vic_Sfx__Head_Up_Short,2451569527,Robot_Vic_Sfx,Head_Up_Short,
Event,,Play__Robot_Vic_Sfx__Head_Up_Short_Angry,2939047873,Robot_Vic_Sfx,Head_Up_Short_Angry,
Event,,Play__Robot_Vic_Sfx__Head_Up_Short_Curious,1393504716,Robot_Vic_Sfx,Head_Up_Short_Curious,
Event,,Play__Robot_Vic_Sfx__Head_Up_Short_Excited,158400132,Robot_Vic_Sfx,Head_Up_Short_Excited,
Event,,Play__Robot_Vic_Sfx__Head_Up_Short_Neutral,83693475,Robot_Vic_Sfx,Head_Up_Short_Neutral,
Event,,Play__Robot_Vic_Sfx__Head_Up_Short_Sad,3875852678,Robot_Vic_Sfx,Head_Up_Short_Sad,
Event,,Play__Robot_Vic_Sfx__Lift_Down_Long,1465647653,Robot_Vic_Sfx,Lift_Down_Long,
Event,,Play__Robot_Vic_Sfx__Lift_Down_Short,661891843,Robot_Vic_Sfx,Lift_Down_Short,
Event,,Play__Robot_Vic_Sfx__Lift_High_Down_Long,2548052428,Robot_Vic_Sfx,Lift_High_Down_Long,
Event,,Play__Robot_Vic_Sfx__Lift_High_Down_Long_Angry,1827504806,Robot_Vic_Sfx,Lift_High_Down_Long_Angry,
Event,,Play__Robot_Vic_Sfx__Lift_High_Down_Long_Curious,791376499,Robot_Vic_Sfx,Lift_High_Down_Long_Curious,
Event,,Play__Robot_Vic_Sfx__Lift_High_Down_Long_Excited,514935507,Robot_Vic_Sfx,Lift_High_Down_Long_Excited,
Event,,Play__Robot_Vic_Sfx__Lift_High_Down_Long_Neutral,1789553612,Robot_Vic_Sfx,Lift_High_Down_Long_Neutral,
Event,,Play__Robot_Vic_Sfx__Lift_High_Down_Long_Sad,2568320945,Robot_Vic_Sfx,Lift_High_Down_Long_Sad,
Event,,Play__Robot_Vic_Sfx__Lift_High_Down_Micro_Angry,1697864692,Robot_Vic_Sfx,Lift_High_Down_Micro_Angry,
Event,,Play__Robot_Vic_Sfx__Lift_High_Down_Micro_Curious,3007251021,Robot_Vic_Sfx,Lift_High_Down_Micro_Curious,
Event,,Play__Robot_Vic_Sfx__Lift_High_Down_Micro_Excited,4236291785,Robot_Vic_Sfx,Lift_High_Down_Micro_Excited,
Event,,Play__Robot_Vic_Sfx__Lift_High_Down_Micro_Neutral,2687281750,Robot_Vic_Sfx,Lift_High_Down_Micro_Neutral,
Event,,Play__Robot_Vic_Sfx__Lift_High_Down_Micro_Sad,3802306023,Robot_Vic_Sfx,Lift_High_Down_Micro_Sad,
Event,,Play__Robot_Vic_Sfx__Lift_High_Down_Short,3566487636,Robot_Vic_Sfx,Lift_High_Down_Short,
Event,,Play__Robot_Vic_Sfx__Lift_High_Down_Short_Angry,1997461118,Robot_Vic_Sfx,Lift_High_Down_Short_Angry,
Event,,Play__Robot_Vic_Sfx__Lift_High_Down_Short_Curious,3522081323,Robot_Vic_Sfx,Lift_High_Down_Short_Curious,
Event,,Play__Robot_Vic_Sfx__Lift_High_Down_Short_Excited,635575819,Robot_Vic_Sfx,Lift_High_Down_Short_Excited,
Event,,Play__Robot_Vic_Sfx__Lift_High_Down_Short_Neutral,1946291652,Robot_Vic_Sfx,Lift_High_Down_Short_Neutral,
Event,,Play__Robot_Vic_Sfx__Lift_High_Down_Short_Sad,1170663689,Robot_Vic_Sfx,Lift_High_Down_Short_Sad,
Event,,Play__Robot_Vic_Sfx__Lift_High_Up_Long,1197687125,Robot_Vic_Sfx,Lift_High_Up_Long,
Event,,Play__Robot_Vic_Sfx__Lift_High_Up_Long_Angry,2545453695,Robot_Vic_Sfx,Lift_High_Up_Long_Angry,
Event,,Play__Robot_Vic_Sfx__Lift_High_Up_Long_Curious,1893130014,Robot_Vic_Sfx,Lift_High_Up_Long_Curious,
Event,,Play__Robot_Vic_Sfx__Lift_High_Up_Long_Excited,2956401514,Robot_Vic_Sfx,Lift_High_Up_Long_Excited,
Event,,Play__Robot_Vic_Sfx__Lift_High_Up_Long_Neutral,1140994213,Robot_Vic_Sfx,Lift_High_Up_Long_Neutral,
Event,,Play__Robot_Vic_Sfx__Lift_High_Up_Long_Sad,3954155308,Robot_Vic_Sfx,Lift_High_Up_Long_Sad,
Event,,Play__Robot_Vic_Sfx__Lift_High_Up_Micro_Angry,531078287,Robot_Vic_Sfx,Lift_High_Up_Micro_Angry,
Event,,Play__Robot_Vic_Sfx__Lift_High_Up_Micro_Curious,4223875502,Robot_Vic_Sfx,Lift_High_Up_Micro_Curious,
Event,,Play__Robot_Vic_Sfx__Lift_High_Up_Micro_Excited,3588927098,Robot_Vic_Sfx,Lift_High_Up_Micro_Excited,
Event,,Play__Robot_Vic_Sfx__Lift_High_Up_Micro_Neutral,2992999317,Robot_Vic_Sfx,Lift_High_Up_Micro_Neutral,
Event,,Play__Robot_Vic_Sfx__Lift_High_Up_Micro_Sad,364928220,Robot_Vic_Sfx,Lift_High_Up_Micro_Sad,
Event,,Play__Robot_Vic_Sfx__Lift_High_Up_Short,2429853747,Robot_Vic_Sfx,Lift_High_Up_Short,
Event,,Play__Robot_Vic_Sfx__Lift_High_Up_Short_Angry,883462549,Robot_Vic_Sfx,Lift_High_Up_Short_Angry,
Event,,Play__Robot_Vic_Sfx__Lift_High_Up_Short_Curious,2640434952,Robot_Vic_Sfx,Lift_High_Up_Short_Curious,
Event,,Play__Robot_Vic_Sfx__Lift_High_Up_Short_Excited,3743401560,Robot_Vic_Sfx,Lift_High_Up_Short_Excited,
Event,,Play__Robot_Vic_Sfx__Lift_High_Up_Short_Neutral,340818175,Robot_Vic_Sfx,Lift_High_Up_Short_Neutral,
Event,,Play__Robot_Vic_Sfx__Lift_High_Up_Short_Sad,1003390754,Robot_Vic_Sfx,Lift_High_Up_Short_Sad,
Event,,Play__Robot_Vic_Sfx__Lift_Loop_Play,3965747163,Robot_Vic_Sfx,Lift_Loop_Play,
Event,,Play__Robot_Vic_Sfx__Lift_Low_Down_Long,166531022,Robot_Vic_Sfx,Lift_Low_Down_Long,
Event,,Play__Robot_Vic_Sfx__Lift_Low_Down_Long_Angry,2572985024,Robot_Vic_Sfx,Lift_Low_Down_Long_Angry,
Event,,Play__Robot_Vic_Sfx__Lift_Low_Down_Long_Curious,828137553,Robot_Vic_Sfx,Lift_Low_Down_Long_Curious,
Event,,Play__Robot_Vic_Sfx__Lift_Low_Down_Long_Excited,2669122469,Robot_Vic_Sfx,Lift_Low_Down_Long_Excited,
Event,,Play__Robot_Vic_Sfx__Lift_Low_Down_Long_Neutral,1653859642,Robot_Vic_Sfx,Lift_Low_Down_Long_Neutral,
Event,,Play__Robot_Vic_Sfx__Lift_Low_Down_Long_Sad,1632957099,Robot_Vic_Sfx,Lift_Low_Down_Long_Sad,
Event,,Play__Robot_Vic_Sfx__Lift_Low_Down_Micro_Angry,2427113346,Robot_Vic_Sfx,Lift_Low_Down_Micro_Angry,
Event,,Play__Robot_Vic_Sfx__Lift_Low_Down_Micro_Curious,3192183079,Robot_Vic_Sfx,Lift_Low_Down_Micro_Curious,
Event,,Play__Robot_Vic_Sfx__Lift_Low_Down_Micro_Excited,1246675263,Robot_Vic_Sfx,Lift_Low_Down_Micro_Excited,
Event,,Play__Robot_Vic_Sfx__Lift_Low_Down_Micro_Neutral,2283478304,Robot_Vic_Sfx,Lift_Low_Down_Micro_Neutral,
Event,,Play__Robot_Vic_Sfx__Lift_Low_Down_Micro_Sad,287084245,Robot_Vic_Sfx,Lift_Low_Down_Micro_Sad,
Event,,Play__Robot_Vic_Sfx__Lift_Low_Down_Short,3093985234,Robot_Vic_Sfx,Lift_Low_Down_Short,
Event,,Play__Robot_Vic_Sfx__Lift_Low_Down_Short_Angry,2479863996,Robot_Vic_Sfx,Lift_Low_Down_Short_Angry,
Event,,Play__Robot_Vic_Sfx__Lift_Low_Down_Short_Curious,1414931093,Robot_Vic_Sfx,Lift_Low_Down_Short_Curious,
Event,,Play__Robot_Vic_Sfx__Lift_Low_Down_Short_Excited,1274137137,Robot_Vic_Sfx,Lift_Low_Down_Short_Excited,
Event,,Play__Robot_Vic_Sfx__Lift_Low_Down_Short_Neutral,966800958,Robot_Vic_Sfx,Lift_Low_Down_Short_Neutral,
Event,,Play__Robot_Vic_Sfx__Lift_Low_Down_Short_Sad,3234757231,Robot_Vic_Sfx,Lift_Low_Down_Short_Sad,
Event,,Play__Robot_Vic_Sfx__Lift_Low_Up_Long,1504093363,Robot_Vic_Sfx,Lift_Low_Up_Long,
Event,,Play__Robot_Vic_Sfx__Lift_Low_Up_Long_Angry,2848354837,Robot_Vic_Sfx,Lift_Low_Up_Long_Angry,
Event,,Play__Robot_Vic_Sfx__Lift_Low_Up_Long_Curious,2761943944,Robot_Vic_Sfx,Lift_Low_Up_Long_Curious,
Event,,Play__Robot_Vic_Sfx__Lift_Low_Up_Long_Excited,3864910552,Robot_Vic_Sfx,Lift_Low_Up_Long_Excited,
Event,,Play__Robot_Vic_Sfx__Lift_Low_Up_Long_Neutral,462327167,Robot_Vic_Sfx,Lift_Low_Up_Long_Neutral,
Event,,Play__Robot_Vic_Sfx__Lift_Low_Up_Long_Sad,115102626,Robot_Vic_Sfx,Lift_Low_Up_Long_Sad,
Event,,Play__Robot_Vic_Sfx__Lift_Low_Up_Micro_Angry,691440561,Robot_Vic_Sfx,Lift_Low_Up_Micro_Angry,
Event,,Play__Robot_Vic_Sfx__Lift_Low_Up_Micro_Curious,786259260,Robot_Vic_Sfx,Lift_Low_Up_Micro_Curious,
Event,,Play__Robot_Vic_Sfx__Lift_Low_Up_Micro_Excited,2243648180,Robot_Vic_Sfx,Lift_Low_Up_Micro_Excited,
Event,,Play__Robot_Vic_Sfx__Lift_Low_Up_Micro_Neutral,3378562163,Robot_Vic_Sfx,Lift_Low_Up_Micro_Neutral,
Event,,Play__Robot_Vic_Sfx__Lift_Low_Up_Micro_Sad,2568042774,Robot_Vic_Sfx,Lift_Low_Up_Micro_Sad,
Event,,Play__Robot_Vic_Sfx__Lift_Low_Up_Short,1476560429,Robot_Vic_Sfx,Lift_Low_Up_Short,
Event,,Play__Robot_Vic_Sfx__Lift_Low_Up_Short_Angry,2935023495,Robot_Vic_Sfx,Lift_Low_Up_Short_Angry,
Event,,Play__Robot_Vic_Sfx__Lift_Low_Up_Short_Curious,3426944102,Robot_Vic_Sfx,Lift_Low_Up_Short_Curious,
Event,,Play__Robot_Vic_Sfx__Lift_Low_Up_Short_Excited,1055092370,Robot_Vic_Sfx,Lift_Low_Up_Short_Excited,
Event,,Play__Robot_Vic_Sfx__Lift_Low_Up_Short_Neutral,2670668813,Robot_Vic_Sfx,Lift_Low_Up_Short_Neutral,
Event,,Play__Robot_Vic_Sfx__Lift_Low_Up_Short_Sad,528990036,Robot_Vic_Sfx,Lift_Low_Up_Short_Sad,
Event,,Play__Robot_Vic_Sfx__Lift_Up_Long,1498450824,Robot_Vic_Sfx,Lift_Up_Long,
Event,,Play__Robot_Vic_Sfx__Lift_Up_Short,1322012872,Robot_Vic_Sfx,Lift_Up_Short,
Event,,Play__Robot_Vic_Sfx__Purr_Increase_Level,2071056089,Robot_Vic_Sfx,Purr_Increase_Level,
Event,,Play__Robot_Vic_Sfx__Purr_Loop_Play,3953422061,Robot_Vic_Sfx,Purr_Loop_Play,
Event,,Play__Robot_Vic_Sfx__Scan_Loop_Play,203477807,Robot_Vic_Sfx,Scan_Loop_Play,
Event,,Play__Robot_Vic_Sfx__Scan_One_Shot,2955541383,Robot_Vic_Sfx,Scan_One_Shot,
Event,,Play__Robot_Vic_Sfx__Scrn_Angry,2459769158,Robot_Vic_Sfx,Scrn_Angry,
Event,,Play__Robot_Vic_Sfx__Scrn_Angry_Long,1964410187,Robot_Vic_Sfx,Scrn_Angry_Long,
Event,,Play__Robot_Vic_Sfx__Scrn_Angry_Short,2385293445,Robot_Vic_Sfx,Scrn_Angry_Short,
Event,,Play__Robot_Vic_Sfx__Scrn_Curious,2558890771,Robot_Vic_Sfx,Scrn_Curious,
Event,,Play__Robot_Vic_Sfx__Scrn_Curious_Long,1102367108,Robot_Vic_Sfx,Scrn_Curious_Long,
Event,,Play__Robot_Vic_Sfx__Scrn_Curious_Short,1350709836,Robot_Vic_Sfx,Scrn_Curious_Short,
Event,,Play__Robot_Vic_Sfx__Scrn_Happy,2349381079,Robot_Vic_Sfx,Scrn_Happy,
Event,,Play__Robot_Vic_Sfx__Scrn_Happy_Long,2955397640,Robot_Vic_Sfx,Scrn_Happy_Long,
Event,,Play__Robot_Vic_Sfx__Scrn_Happy_Short,2208543816,Robot_Vic_Sfx,Scrn_Happy_Short,
Event,,Play__Robot_Vic_Sfx__Scrn_Neutral,3132507500,Robot_Vic_Sfx,Scrn_Neutral,
Event,,Play__Robot_Vic_Sfx__Scrn_Neutral_Short,1752486067,Robot_Vic_Sfx,Scrn_Neutral_Short,
Event,,Play__Robot_Vic_Sfx__Scrn_Sad,2699760977,Robot_Vic_Sfx,Scrn_Sad,
Event,,Play__Robot_Vic_Sfx__Scrn_Sad_Long,1380232790,Robot_Vic_Sfx,Scrn_Sad_Long,
Event,,Play__Robot_Vic_Sfx__Scrn_Sad_Short,3594885818,Robot_Vic_Sfx,Scrn_Sad_Short,
Event,,Play__Robot_Vic_Sfx__Scrn_Surprised,1528281890,Robot_Vic_Sfx,Scrn_Surprised,
Event,,Play__Robot_Vic_Sfx__Scrn_Surprised_Long,3223693447,Robot_Vic_Sfx,Scrn_Surprised_Long,
Event,,Play__Robot_Vic_Sfx__Scrn_Surprised_Short,4031777881,Robot_Vic_Sfx,Scrn_Surprised_Short,
Event,,Play__Robot_Vic_Sfx__Snore,3717200567,Robot_Vic_Sfx,Snore,
Event,,Play__Robot_Vic_Sfx__Timer_Beep,2315630444,Robot_Vic_Sfx,Timer_Beep,
Event,,Play__Robot_Vic_Sfx__Touch_React,1078700783,Robot_Vic_Sfx,Touch_React,
Event,,Play__Robot_Vic_Sfx__Tread_Loop_Play,3369051132,Robot_Vic_Sfx,Tread_Loop_Play,
Event,,Play__Robot_Vic_Sfx__Wake_Word_Fail,1241549428,Robot_Vic_Sfx,Wake_Word_Fail,
Event,,Play__Robot_Vic_Sfx__Wake_Word_Off,76586799,Robot_Vic_Sfx,Wake_Word_Off,
Event,,Play__Robot_Vic_Sfx__Wake_Word_On,1532745019,Robot_Vic_Sfx,Wake_Word_On,
Event,,Play__Robot_Vic_Sfx__Wake_Word_Success,286038569,Robot_Vic_Sfx,Wake_Word_Success,
Event,,Play__Robot_Vic_Vo__React_Affirmative,2433936408,Robot_Vic_Vo,React_Affirmative,
Event,,Play__Robot_Vic_Vo__React_Curious,1448505674,Robot_Vic_Vo,React_Curious,
Event,,Play__Robot_Vic_Vo__React_Curious_Short,3797167345,Robot_Vic_Vo,React_Curious_Short,
Event,,Play__Robot_Vic_Vo__React_Happy,42102062,Robot_Vic_Vo,React_Happy,
Event,,Play__Robot_Vic_Vo__React_Plaintive,1628182670,Robot_Vic_Vo,React_Plaintive,
Event,,Play__Robot_Vic_Vo__React_Surprised,3602654771,Robot_Vic_Vo,React_Surprised,
Event,,Play__Robot_Vic_Vo__React_Wake_Word,3499138811,Robot_Vic_Vo,React_Wake_Word,
Event,,Play__Robot_Vic_Vo__React_Wake_Word_Surprised,515534641,Robot_Vic_Vo,React_Wake_Word_Surprised,
Event,,Play__Robot_Vic__External_Voice_Message,3168753800,Robot_Vic,External_Voice_Message,
Event,,Play__Robot_Vo__Codelab_Conducting_01,2126150744,Robot_Vo,Codelab_Conducting_01,
Event,,Play__Robot_Vo__Codelab_Countdown_01,2593818563,Robot_Vo,Codelab_Countdown_01,
Event,,Play__Robot_Vo__Codelab_Countdown_02,2593818560,Robot_Vo,Codelab_Countdown_02,
Event,,Play__Robot_Vo__Codelab_Countdown_03,2593818561,Robot_Vo,Codelab_Countdown_03,
Event,,Play__Robot_Vo__Codelab_Countdown_Go_01,2083386066,Robot_Vo,Codelab_Countdown_Go_01,
Event,,Play__Robot_Vo__Codelab_Firetruck_01,3546499587,Robot_Vo,Codelab_Firetruck_01,
Event,,Play__Robot_Vo__Coz_Word_Cube_Neutral,2117050142,Robot_Vo,Coz_Word_Cube_Neutral,
Event,,Play__Robot_Vo__Cozmo_Singing_100Bpm,819632272,Robot_Vo,Cozmo_Singing_100Bpm,
Event,,Play__Robot_Vo__Cozmo_Singing_120Bpm,3805821586,Robot_Vo,Cozmo_Singing_120Bpm,
Event,,Play__Robot_Vo__Cozmo_Singing_80Bpm,3519620195,Robot_Vo,Cozmo_Singing_80Bpm,
Event,,Play__Robot_Vo__Dizzy_Hard_1,3080967599,Robot_Vo,Dizzy_Hard_1,
Event,,Play__Robot_Vo__Dizzy_Hard_2,3080967596,Robot_Vo,Dizzy_Hard_2,
Event,,Play__Robot_Vo__Dizzy_Loop_Play,777096763,Robot_Vo,Dizzy_Loop_Play,
Event,,Play__Robot_Vo__Dizzy_React_Medium_02,530263530,Robot_Vo,Dizzy_React_Medium_02,
Event,,Play__Robot_Vo__Dizzy_React_Soft,2564162256,Robot_Vo,Dizzy_React_Soft,
Event,,Play__Robot_Vo__Dizzy_Shake_Stop,2134240601,Robot_Vo,Dizzy_Shake_Stop,
Event,,Play__Robot_Vo__Dizzy_Shakeout,497722646,Robot_Vo,Dizzy_Shakeout,
Event,,Play__Robot_Vo__External_Acapela_English_Name,3652484245,Robot_Vo,External_Acapela_English_Name,
Event,,Play__Robot_Vo__External_Acapela_English_Sentence,822109995,Robot_Vo,External_Acapela_English_Sentence,
Event,,Play__Robot_Vo__External_Cozmo_Processing,3205213409,Robot_Vo,External_Cozmo_Processing,
Event,,Play__Robot_Vo__External_Cozmo_Processing_Question,3777359272,Robot_Vo,External_Cozmo_Processing_Question,
Event,,Play__Robot_Vo__External_Unprocessed,2742937278,Robot_Vo,External_Unprocessed,
Event,,Play__Robot_Vo__Fist_Bump_Giggle,1531806306,Robot_Vo,Fist_Bump_Giggle,
Event,,Play__Robot_Vo__Gp_Cs_Cuss_Nope,3018392957,Robot_Vo,Gp_Cs_Cuss_Nope,
Event,,Play__Robot_Vo__Gp_Cs_Cuss_React,1772137818,Robot_Vo,Gp_Cs_Cuss_React,
Event,,Play__Robot_Vo__Gp_Cs_Cuss_Squint,141123577,Robot_Vo,Gp_Cs_Cuss_Squint,
Event,,Play__Robot_Vo__Gp_Cs_Getout_Confused_P1,2151470956,Robot_Vo,Gp_Cs_Getout_Confused_P1,
Event,,Play__Robot_Vo__Gp_Cs_Getout_Confused_P2,2151470959,Robot_Vo,Gp_Cs_Getout_Confused_P2,
Event,,Play__Robot_Vo__Gp_Cs_Thinking_Long,3183384229,Robot_Vo,Gp_Cs_Thinking_Long,
Event,,Play__Robot_Vo__Gp_Cs_Thinking_Long_Got_It,726115194,Robot_Vo,Gp_Cs_Thinking_Long_Got_It,
Event,,Play__Robot_Vo__Gp_Cs_Thinking_Medium,448600270,Robot_Vo,Gp_Cs_Thinking_Medium,
Event,,Play__Robot_Vo__Gp_Cs_Thinking_Medium_Got_It,1735580995,Robot_Vo,Gp_Cs_Thinking_Medium_Got_It,
Event,,Play__Robot_Vo__Gp_Explorer_Backup_Beep,1939604322,Robot_Vo,Gp_Explorer_Backup_Beep,
Event,,Play__Robot_Vo__Gp_Explorer_Drive_Curious,1093526092,Robot_Vo,Gp_Explorer_Drive_Curious,
Event,,Play__Robot_Vo__Gp_Explorer_Drive_Start,746725306,Robot_Vo,Gp_Explorer_Drive_Start,
Event,,Play__Robot_Vo__Gp_Explorer_Drive_Start_Turbo,403916659,Robot_Vo,Gp_Explorer_Drive_Start_Turbo,
Event,,Play__Robot_Vo__Gp_Explorer_Drive_Stop,2294544082,Robot_Vo,Gp_Explorer_Drive_Stop,
Event,,Play__Robot_Vo__Gp_Explorer_Getin,821905486,Robot_Vo,Gp_Explorer_Getin,
Event,,Play__Robot_Vo__Gp_Explorer_Shake_Out,2327316800,Robot_Vo,Gp_Explorer_Shake_Out,
Event,,Play__Robot_Vo__Gp_Guard_Dog_Fail_Loop,3786892977,Robot_Vo,Gp_Guard_Dog_Fail_Loop,
Event,,Play__Robot_Vo__Gp_Guard_Dog_Fakeout_1,2183808353,Robot_Vo,Gp_Guard_Dog_Fakeout_1,
Event,,Play__Robot_Vo__Gp_Guard_Dog_Fakeout_2,2183808354,Robot_Vo,Gp_Guard_Dog_Fakeout_2,
Event,,Play__Robot_Vo__Gp_Guard_Dog_Fakeout_3,2183808355,Robot_Vo,Gp_Guard_Dog_Fakeout_3,
Event,,Play__Robot_Vo__Gp_Guard_Dog_Interrupt,1612390421,Robot_Vo,Gp_Guard_Dog_Interrupt,
Event,,Play__Robot_Vo__Gp_Guard_Dog_Snore_Light_Exhale,1770623604,Robot_Vo,Gp_Guard_Dog_Snore_Light_Exhale,
Event,,Play__Robot_Vo__Gp_Guard_Dog_Snore_Light_Inhale,2553575382,Robot_Vo,Gp_Guard_Dog_Snore_Light_Inhale,
Event,,Play__Robot_Vo__Gp_Guard_Dog_Snore_Medium_Inhale,2589771301,Robot_Vo,Gp_Guard_Dog_Snore_Medium_Inhale,
Event,,Play__Robot_Vo__Gp_Guard_Dog_Yawn,2419377129,Robot_Vo,Gp_Guard_Dog_Yawn,
Event,,Play__Robot_Vo__Gp_Keepaway_Fakeout_Pounce_Fast,1992185148,Robot_Vo,Gp_Keepaway_Fakeout_Pounce_Fast,
Event,,Play__Robot_Vo__Gp_Keepaway_Fakeout_Pounce_Scare,888370506,Robot_Vo,Gp_Keepaway_Fakeout_Pounce_Scare,
Event,,Play__Robot_Vo__Gp_Keepaway_Fakeout_Sneaky_Start,2606311637,Robot_Vo,Gp_Keepaway_Fakeout_Sneaky_Start,
Event,,Play__Robot_Vo__Gp_Keepaway_Get_In_Ready,2743085071,Robot_Vo,Gp_Keepaway_Get_In_Ready,
Event,,Play__Robot_Vo__Gp_Keepaway_Win_Dance,4061224253,Robot_Vo,Gp_Keepaway_Win_Dance,
Event,,Play__Robot_Vo__Gp_Mm_Pattern_Struggle_Focused,624174194,Robot_Vo,Gp_Mm_Pattern_Struggle_Focused,
Event,,Play__Robot_Vo__Gp_Mm_Pattern_Struggle_Shocked,3286982676,Robot_Vo,Gp_Mm_Pattern_Struggle_Shocked,
Event,,Play__Robot_Vo__Gp_Mm_Pattern_Struggle_Um,3700907145,Robot_Vo,Gp_Mm_Pattern_Struggle_Um,
Event,,Play__Robot_Vo__Gp_Mm_Pattern_Taunt_Derr,3651300059,Robot_Vo,Gp_Mm_Pattern_Taunt_Derr,
Event,,Play__Robot_Vo__Gp_Mm_Pattern_Turn_Big,900238575,Robot_Vo,Gp_Mm_Pattern_Turn_Big,
Event,,Play__Robot_Vo__Gp_Mm_Pattern_Turn_Short,928871515,Robot_Vo,Gp_Mm_Pattern_Turn_Short,
Event,,Play__Robot_Vo__Gp_Mm_Pattern_Win_Giggle,1101765759,Robot_Vo,Gp_Mm_Pattern_Win_Giggle,
Event,,Play__Robot_Vo__Gp_Mm_Pattern_Win_Laugh_Short,2208086756,Robot_Vo,Gp_Mm_Pattern_Win_Laugh_Short,
Event,,Play__Robot_Vo__Gp_Peekaboo_Fail,3318593152,Robot_Vo,Gp_Peekaboo_Fail,
Event,,Play__Robot_Vo__Gp_Peekaboo_Peek,1721362201,Robot_Vo,Gp_Peekaboo_Peek,
Event,,Play__Robot_Vo__Gp_Peekaboo_Success,2691636253,Robot_Vo,Gp_Peekaboo_Success,
Event,,Play__Robot_Vo__Gp_Peekaboo_Thrice_1,3692253879,Robot_Vo,Gp_Peekaboo_Thrice_1,
Event,,Play__Robot_Vo__Gp_Peekaboo_Thrice_2,3692253876,Robot_Vo,Gp_Peekaboo_Thrice_2,
Event,,Play__Robot_Vo__Gp_Peekaboo_Thrice_3,3692253877,Robot_Vo,Gp_Peekaboo_Thrice_3,
Event,,Play__Robot_Vo__Gp_Qt_Tap_Effort,2222654907,Robot_Vo,Gp_Qt_Tap_Effort,
Event,,Play__Robot_Vo__Gp_Shared_Fakeout,543301532,Robot_Vo,Gp_Shared_Fakeout,
Event,,Play__Robot_Vo__Gp_Shared_Humph,2079303,Robot_Vo,Gp_Shared_Humph,
Event,,Play__Robot_Vo__Gp_Shared_Lose_Fit_Medium,3218891970,Robot_Vo,Gp_Shared_Lose_Fit_Medium,
Event,,Play__Robot_Vo__Gp_Shared_Lose_Fit_Short,876073127,Robot_Vo,Gp_Shared_Lose_Fit_Short,
Event,,Play__Robot_Vo__Gp_Shared_Lose_Growl_Medium,2046364900,Robot_Vo,Gp_Shared_Lose_Growl_Medium,
Event,,Play__Robot_Vo__Gp_Shared_Lose_Growl_Short,3207916529,Robot_Vo,Gp_Shared_Lose_Growl_Short,
Event,,Play__Robot_Vo__Gp_Shared_Lose_Growl_Short_01,1671409981,Robot_Vo,Gp_Shared_Lose_Growl_Short_01,
Event,,Play__Robot_Vo__Gp_Shared_Lose_Level_1,420891483,Robot_Vo,Gp_Shared_Lose_Level_1,
Event,,Play__Robot_Vo__Gp_Shared_Lose_Level_2,420891480,Robot_Vo,Gp_Shared_Lose_Level_2,
Event,,Play__Robot_Vo__Gp_Shared_Lose_Level_3,420891481,Robot_Vo,Gp_Shared_Lose_Level_3,
Event,,Play__Robot_Vo__Gp_Shared_Lose_Look_Up,361519622,Robot_Vo,Gp_Shared_Lose_Look_Up,
Event,,Play__Robot_Vo__Gp_Shared_Lose_Look_Up_Surprised,2413162080,Robot_Vo,Gp_Shared_Lose_Look_Up_Surprised,
Event,,Play__Robot_Vo__Gp_Shared_Lose_Surprised_Short,291687249,Robot_Vo,Gp_Shared_Lose_Surprised_Short,
Event,,Play__Robot_Vo__Gp_Shared_Lose_Throw_Cube,247758371,Robot_Vo,Gp_Shared_Lose_Throw_Cube,
Event,,Play__Robot_Vo__Gp_Shared_Win_Chachacha,2184979880,Robot_Vo,Gp_Shared_Win_Chachacha,
Event,,Play__Robot_Vo__Gp_Shared_Win_Laugh,2763212437,Robot_Vo,Gp_Shared_Win_Laugh,
Event,,Play__Robot_Vo__Gp_Shared_Win_Level_1,430910432,Robot_Vo,Gp_Shared_Win_Level_1,
Event,,Play__Robot_Vo__Gp_Shared_Win_Level_2,430910435,Robot_Vo,Gp_Shared_Win_Level_2,
Event,,Play__Robot_Vo__Gp_Shared_Win_Level_3,430910434,Robot_Vo,Gp_Shared_Win_Level_3,
Event,,Play__Robot_Vo__Gp_Shared_Win_Medium,3810035423,Robot_Vo,Gp_Shared_Win_Medium,
Event,,Play__Robot_Vo__Gp_Shared_Win_Short,943980464,Robot_Vo,Gp_Shared_Win_Short,
Event,,Play__Robot_Vo__Gp_Shared_Win_Wow_Short,771576844,Robot_Vo,Gp_Shared_Win_Wow_Short,
Event,,Play__Robot_Vo__Hiking_Hum_Happy,1163200773,Robot_Vo,Hiking_Hum_Happy,
Event,,Play__Robot_Vo__Hiking_Hum_Happy_Short,3113369638,Robot_Vo,Hiking_Hum_Happy_Short,
Event,,Play__Robot_Vo__Meet_Cozmo_Got_It,4040383078,Robot_Vo,Meet_Cozmo_Got_It,
Event,,Play__Robot_Vo__Meet_Cozmo_Thinking,1307500180,Robot_Vo,Meet_Cozmo_Thinking,
Event,,Play__Robot_Vo__Nurture_Energy_Cube_Charged,2970584318,Robot_Vo,Nurture_Energy_Cube_Charged,
Event,,Play__Robot_Vo__Nurture_Energy_Cube_Charged_Down,192388393,Robot_Vo,Nurture_Energy_Cube_Charged_Down,
Event,,Play__Robot_Vo__Nurture_Energy_Cube_Shake,12025276,Robot_Vo,Nurture_Energy_Cube_Shake,
Event,,Play__Robot_Vo__Nurture_Energy_Cube_Shake_Short,721786627,Robot_Vo,Nurture_Energy_Cube_Shake_Short,
Event,,Play__Robot_Vo__Nurture_Energy_Cube_Slurp_Long,123719483,Robot_Vo,Nurture_Energy_Cube_Slurp_Long,
Event,,Play__Robot_Vo__Nurture_Energy_Cube_Slurp_Short,660576053,Robot_Vo,Nurture_Energy_Cube_Slurp_Short,
Event,,Play__Robot_Vo__Nurture_Energy_Effort,1571365350,Robot_Vo,Nurture_Energy_Effort,
Event,,Play__Robot_Vo__Nurture_Energy_Relief,996340039,Robot_Vo,Nurture_Energy_Relief,
Event,,Play__Robot_Vo__Nurture_Energy_Sad_Long,1723715257,Robot_Vo,Nurture_Energy_Sad_Long,
Event,,Play__Robot_Vo__Nurture_Energy_Sad_Short,2241122639,Robot_Vo,Nurture_Energy_Sad_Short,
Event,,Play__Robot_Vo__Nurture_Energy_Severe_Stop,2843691623,Robot_Vo,Nurture_Energy_Severe_Stop,
Event,,Play__Robot_Vo__Nurture_Energy_Tired,2276804470,Robot_Vo,Nurture_Energy_Tired,
Event,,Play__Robot_Vo__Nurture_Energy_Tired_Loop,3556451871,Robot_Vo,Nurture_Energy_Tired_Loop,
Event,,Play__Robot_Vo__Nurture_Energy_Wakeup,1950409291,Robot_Vo,Nurture_Energy_Wakeup,
Event,,Play__Robot_Vo__Nurture_Play_Concern_Short,4217319781,Robot_Vo,Nurture_Play_Concern_Short,
Event,,Play__Robot_Vo__Nurture_Play_Drive,460388526,Robot_Vo,Nurture_Play_Drive,
Event,,Play__Robot_Vo__Nurture_Play_Getout,2797106178,Robot_Vo,Nurture_Play_Getout,
Event,,Play__Robot_Vo__Nurture_Play_Pouty,1845501759,Robot_Vo,Nurture_Play_Pouty,
Event,,Play__Robot_Vo__Nurture_Repair_Complete,2366089672,Robot_Vo,Nurture_Repair_Complete,
Event,,Play__Robot_Vo__Nurture_Repair_Complete_Curious,3461416271,Robot_Vo,Nurture_Repair_Complete_Curious,
Event,,Play__Robot_Vo__Nurture_Repair_Down,4222762077,Robot_Vo,Nurture_Repair_Down,
Event,,Play__Robot_Vo__Nurture_Repair_Down_Severe,1553453500,Robot_Vo,Nurture_Repair_Down_Severe,
Event,,Play__Robot_Vo__Nurture_Repair_Fix_Round_Severe,1492901078,Robot_Vo,Nurture_Repair_Fix_Round_Severe,
Event,,Play__Robot_Vo__Nurture_Repair_Fix_Round_Severe_Curious,1772402345,Robot_Vo,Nurture_Repair_Fix_Round_Severe_Curious,
Event,,Play__Robot_Vo__Nurture_Repair_Jolt_Medium,3545035822,Robot_Vo,Nurture_Repair_Jolt_Medium,
Event,,Play__Robot_Vo__Nurture_Repair_Jolt_Small,1583427256,Robot_Vo,Nurture_Repair_Jolt_Small,
Event,,Play__Robot_Vo__Nurture_Repair_Severe_Sad_Small,229901416,Robot_Vo,Nurture_Repair_Severe_Sad_Small,
Event,,Play__Robot_Vo__Nurture_Repair_Severe_Start,3078732004,Robot_Vo,Nurture_Repair_Severe_Start,
Event,,Play__Robot_Vo__Nurture_Repair_Up,647697450,Robot_Vo,Nurture_Repair_Up,
Event,,Play__Robot_Vo__Nurture_Repair_Up_Severe,1480383213,Robot_Vo,Nurture_Repair_Up_Severe,
Event,,Play__Robot_Vo__Nurture_Repiar_Fix_Round_Severe_Hopeful,3728668920,Robot_Vo,Nurture_Repiar_Fix_Round_Severe_Hopeful,
Event,,Play__Robot_Vo__Onboarding_Cube_Lift_First,1219220413,Robot_Vo,Onboarding_Cube_Lift_First,
Event,,Play__Robot_Vo__Onboarding_Cube_Lifted_React,1564490581,Robot_Vo,Onboarding_Cube_Lifted_React,
Event,,Play__Robot_Vo__Onboarding_Cube_Lifted_React_Taka,3320332885,Robot_Vo,Onboarding_Cube_Lifted_React_Taka,
Event,,Play__Robot_Vo__Onboarding_Cube_Lifted_React_Whoa,124760265,Robot_Vo,Onboarding_Cube_Lifted_React_Whoa,
Event,,Play__Robot_Vo__Onboarding_Cube_Lifted_React_Woohoo,2259447157,Robot_Vo,Onboarding_Cube_Lifted_React_Woohoo,
Event,,Play__Robot_Vo__Onboarding_Cube_Set_Celebrate,1518322125,Robot_Vo,Onboarding_Cube_Set_Celebrate,
Event,,Play__Robot_Vo__Onboarding_Cube_Set_First,2694671152,Robot_Vo,Onboarding_Cube_Set_First,
Event,,Play__Robot_Vo__Onboarding_Cube_Set_Wow,3560671663,Robot_Vo,Onboarding_Cube_Set_Wow,
Event,,Play__Robot_Vo__Onboarding_Curious_Huh,555367759,Robot_Vo,Onboarding_Curious_Huh,
Event,,Play__Robot_Vo__Onboarding_Curious_Look_Around,3020031119,Robot_Vo,Onboarding_Curious_Look_Around,
Event,,Play__Robot_Vo__Onboarding_Curious_Look_Up,2784611827,Robot_Vo,Onboarding_Curious_Look_Up,
Event,,Play__Robot_Vo__Onboarding_Eyes_Open,1462474442,Robot_Vo,Onboarding_Eyes_Open,
Event,,Play__Robot_Vo__Onboarding_Happy,142998609,Robot_Vo,Onboarding_Happy,
Event,,Play__Robot_Vo__Onboarding_See_Cube_First,3651618653,Robot_Vo,Onboarding_See_Cube_First,
Event,,Play__Robot_Vo__Onboarding_See_Face_First,3734844721,Robot_Vo,Onboarding_See_Face_First,
Event,,Play__Robot_Vo__Pet_Detection_Bark,3056349377,Robot_Vo,Pet_Detection_Bark,
Event,,Play__Robot_Vo__Pet_Detection_Cat_Meow,629947316,Robot_Vo,Pet_Detection_Cat_Meow,
Event,,Play__Robot_Vo__Pet_Detection_Growl,2361443718,Robot_Vo,Pet_Detection_Growl,
Event,,Play__Robot_Vo__Pet_Detection_Howl,1083767857,Robot_Vo,Pet_Detection_Howl,
Event,,Play__Robot_Vo__Pet_Detection_Roar,4176723711,Robot_Vo,Pet_Detection_Roar,
Event,,Play__Robot_Vo__Pet_Detection_Roar_End,4112591521,Robot_Vo,Pet_Detection_Roar_End,
Event,,Play__Robot_Vo__Pet_Detection_Sneeze,501972637,Robot_Vo,Pet_Detection_Sneeze,
Event,,Play__Robot_Vo__Pet_Detection_Sneeze_Shake,593425994,Robot_Vo,Pet_Detection_Sneeze_Shake,
Event,,Play__Robot_Vo__Placeholder,668634652,Robot_Vo,Placeholder,
Event,,Play__Robot_Vo__Pyramid_Giggle,3515365849,Robot_Vo,Pyramid_Giggle,
Event,,Play__Robot_Vo__Qa_Effort_Lift_Heavy,1250202556,Robot_Vo,Qa_Effort_Lift_Heavy,
Event,,Play__Robot_Vo__Qa_Gp_Peekaboo_Thrice_3,3016311342,Robot_Vo,Qa_Gp_Peekaboo_Thrice_3,
Event,,Play__Robot_Vo__Qa_Pet_Detection_Dog_Howl,916426147,Robot_Vo,Qa_Pet_Detection_Dog_Howl,
Event,,Play__Robot_Vo__Qa_React_Cliff,1310471692,Robot_Vo,Qa_React_Cliff,
Event,,Play__Robot_Vo__Qa_React_Pickup_Angry_2,188399711,Robot_Vo,Qa_React_Pickup_Angry_2,
Event,,Play__Robot_Vo__Qa_React_Stuck_Turtle_Roll_Fail_3,3867399020,Robot_Vo,Qa_React_Stuck_Turtle_Roll_Fail_3,
Event,,Play__Robot_Vo__Qa_React_Wheely_Spin,4043328071,Robot_Vo,Qa_React_Wheely_Spin,
Event,,Play__Robot_Vo__Qa_Shared_Angry,3062870207,Robot_Vo,Qa_Shared_Angry,
Event,,Play__Robot_Vo__Qa_Shared_Hiccup_Big,760592175,Robot_Vo,Qa_Shared_Hiccup_Big,
Event,,Play__Robot_Vo__React_3_Cube_Topple_P1,3537517197,Robot_Vo,React_3_Cube_Topple_P1,
Event,,Play__Robot_Vo__React_3_Cube_Topple_P2,3537517198,Robot_Vo,React_3_Cube_Topple_P2,
Event,,Play__Robot_Vo__React_Cliff,3202816225,Robot_Vo,React_Cliff,
Event,,Play__Robot_Vo__React_Face_Suspicious,3698170420,Robot_Vo,React_Face_Suspicious,
Event,,Play__Robot_Vo__React_Pickup,2638083869,Robot_Vo,React_Pickup,
Event,,Play__Robot_Vo__React_Pickup_Angry_P1,703918427,Robot_Vo,React_Pickup_Angry_P1,
Event,,Play__Robot_Vo__React_Pickup_Angry_P2,703918424,Robot_Vo,React_Pickup_Angry_P2,
Event,,Play__Robot_Vo__React_Stuck_Angry_P1,1511466269,Robot_Vo,React_Stuck_Angry_P1,
Event,,Play__Robot_Vo__React_Stuck_Angry_P2,1511466270,Robot_Vo,React_Stuck_Angry_P2,
Event,,Play__Robot_Vo__React_Stuck_Turtle_Roll_Fail_P1,3446648261,Robot_Vo,React_Stuck_Turtle_Roll_Fail_P1,
Event,,Play__Robot_Vo__React_Stuck_Turtle_Roll_Fail_P2,3446648262,Robot_Vo,React_Stuck_Turtle_Roll_Fail_P2,
Event,,Play__Robot_Vo__React_Stuck_Turtle_Roll_Fail_P3,3446648263,Robot_Vo,React_Stuck_Turtle_Roll_Fail_P3,
Event,,Play__Robot_Vo__React_Stuck_Turtle_Roll_Ninja,180669663,Robot_Vo,React_Stuck_Turtle_Roll_Ninja,
Event,,Play__Robot_Vo__React_Stuck_Turtle_Roll_Zen,1764781296,Robot_Vo,React_Stuck_Turtle_Roll_Zen,
Event,,Play__Robot_Vo__React_Wheely_Spin,1957283066,Robot_Vo,React_Wheely_Spin,
Event,,Play__Robot_Vo__Shared_Align_Grunt,254819395,Robot_Vo,Shared_Align_Grunt,
Event,,Play__Robot_Vo__Shared_Angry,1580670828,Robot_Vo,Shared_Angry,
Event,,Play__Robot_Vo__Shared_Angry_Muttering_Loop_Play,3743522050,Robot_Vo,Shared_Angry_Muttering_Loop_Play,
Event,,Play__Robot_Vo__Shared_Angry_Short,622779059,Robot_Vo,Shared_Angry_Short,
Event,,Play__Robot_Vo__Shared_Awe,4199618846,Robot_Vo,Shared_Awe,
Event,,Play__Robot_Vo__Shared_Bored_Look_Side,751598833,Robot_Vo,Shared_Bored_Look_Side,
Event,,Play__Robot_Vo__Shared_Bored_Look_Up,2589648919,Robot_Vo,Shared_Bored_Look_Up,
Event,,Play__Robot_Vo__Shared_Bored_Sigh_Long,412109486,Robot_Vo,Shared_Bored_Sigh_Long,
Event,,Play__Robot_Vo__Shared_Bored_Sigh_Short,2741090610,Robot_Vo,Shared_Bored_Sigh_Short,
Event,,Play__Robot_Vo__Shared_Celebrate_Spin,2159643843,Robot_Vo,Shared_Celebrate_Spin,
Event,,Play__Robot_Vo__Shared_Curious,3556785413,Robot_Vo,Shared_Curious,
Event,,Play__Robot_Vo__Shared_Curious_Mutter,2721235403,Robot_Vo,Shared_Curious_Mutter,
Event,,Play__Robot_Vo__Shared_Curious_Short,4047754278,Robot_Vo,Shared_Curious_Short,
Event,,Play__Robot_Vo__Shared_Disappointed_Short,327662522,Robot_Vo,Shared_Disappointed_Short,
Event,,Play__Robot_Vo__Shared_Effort_Lift,3824979789,Robot_Vo,Shared_Effort_Lift,
Event,,Play__Robot_Vo__Shared_Effort_Lift_Heavy,3398455981,Robot_Vo,Shared_Effort_Lift_Heavy,
Event,,Play__Robot_Vo__Shared_Effort_Pounce,3727241044,Robot_Vo,Shared_Effort_Pounce,
Event,,Play__Robot_Vo__Shared_Effort_Pounce_Heavy,738969844,Robot_Vo,Shared_Effort_Pounce_Heavy,
Event,,Play__Robot_Vo__Shared_Effort_Set,1467890010,Robot_Vo,Shared_Effort_Set,
Event,,Play__Robot_Vo__Shared_Effort_Set_Heavy,606158106,Robot_Vo,Shared_Effort_Set_Heavy,
Event,,Play__Robot_Vo__Shared_Effort_Short,3200991712,Robot_Vo,Shared_Effort_Short,
Event,,Play__Robot_Vo__Shared_Excited,2884456673,Robot_Vo,Shared_Excited,
Event,,Play__Robot_Vo__Shared_Excited_Loop_Play,2679819871,Robot_Vo,Shared_Excited_Loop_Play,
Event,,Play__Robot_Vo__Shared_Fall_Asleep,3524061431,Robot_Vo,Shared_Fall_Asleep,
Event,,Play__Robot_Vo__Shared_Fall_Cliff_Scream,3144703383,Robot_Vo,Shared_Fall_Cliff_Scream,
Event,,Play__Robot_Vo__Shared_Frantic_Muttering_Loop_Play,3451388870,Robot_Vo,Shared_Frantic_Muttering_Loop_Play,
Event,,Play__Robot_Vo__Shared_Frustrated_Low,1701937252,Robot_Vo,Shared_Frustrated_Low,
Event,,Play__Robot_Vo__Shared_Fussy,3400453885,Robot_Vo,Shared_Fussy,
Event,,Play__Robot_Vo__Shared_Fussy_Loop_Play,756640443,Robot_Vo,Shared_Fussy_Loop_Play,
Event,,Play__Robot_Vo__Shared_Fussy_Short,297407534,Robot_Vo,Shared_Fussy_Short,
Event,,Play__Robot_Vo__Shared_Giggle_Happy_Loop_Play,1488458019,Robot_Vo,Shared_Giggle_Happy_Loop_Play,
Event,,Play__Robot_Vo__Shared_Giggle_Short,3928693597,Robot_Vo,Shared_Giggle_Short,
Event,,Play__Robot_Vo__Shared_Happy,3531557633,Robot_Vo,Shared_Happy,
Event,,Play__Robot_Vo__Shared_Happy_Long,174359366,Robot_Vo,Shared_Happy_Long,
Event,,Play__Robot_Vo__Shared_Happy_Loop_Play,3025145855,Robot_Vo,Shared_Happy_Loop_Play,
Event,,Play__Robot_Vo__Shared_Happy_Short,1066816362,Robot_Vo,Shared_Happy_Short,
Event,,Play__Robot_Vo__Shared_Hiccup,2997626993,Robot_Vo,Shared_Hiccup,
Event,,Play__Robot_Vo__Shared_Hiccup_Big,499154038,Robot_Vo,Shared_Hiccup_Big,
Event,,Play__Robot_Vo__Shared_Hiccup_Relief,2188209935,Robot_Vo,Shared_Hiccup_Relief,
Event,,Play__Robot_Vo__Shared_Idea,2993967144,Robot_Vo,Shared_Idea,
Event,,Play__Robot_Vo__Shared_Idea_Loop_Play,1684239554,Robot_Vo,Shared_Idea_Loop_Play,
Event,,Play__Robot_Vo__Shared_Idea_Short,1143549143,Robot_Vo,Shared_Idea_Short,
Event,,Play__Robot_Vo__Shared_Inhale,237432456,Robot_Vo,Shared_Inhale,
Event,,Play__Robot_Vo__Shared_Inhale_Breath_Medium,2492717357,Robot_Vo,Shared_Inhale_Breath_Medium,
Event,,Play__Robot_Vo__Shared_Interested,1609212516,Robot_Vo,Shared_Interested,
Event,,Play__Robot_Vo__Shared_Interested_Long,3957181661,Robot_Vo,Shared_Interested_Long,
Event,,Play__Robot_Vo__Shared_Pain,3089977461,Robot_Vo,Shared_Pain,
Event,,Play__Robot_Vo__Shared_Pounce_02,288653932,Robot_Vo,Shared_Pounce_02,
Event,,Play__Robot_Vo__Shared_Pounce_03,288653933,Robot_Vo,Shared_Pounce_03,
Event,,Play__Robot_Vo__Shared_Pounce_04,288653930,Robot_Vo,Shared_Pounce_04,
Event,,Play__Robot_Vo__Shared_Pounce_Fail,4228327806,Robot_Vo,Shared_Pounce_Fail,
Event,,Play__Robot_Vo__Shared_Raspberry,717035989,Robot_Vo,Shared_Raspberry,
Event,,Play__Robot_Vo__Shared_React_Face,60844582,Robot_Vo,Shared_React_Face,
Event,,Play__Robot_Vo__Shared_Sad,69470719,Robot_Vo,Shared_Sad,
Event,,Play__Robot_Vo__Shared_Sad_Long,2147481440,Robot_Vo,Shared_Sad_Long,
Event,,Play__Robot_Vo__Shared_Snobby,2457314414,Robot_Vo,Shared_Snobby,
Event,,Play__Robot_Vo__Shared_Snore,654990394,Robot_Vo,Shared_Snore,
Event,,Play__Robot_Vo__Shared_Snore_Short,2130053793,Robot_Vo,Shared_Snore_Short,
Event,,Play__Robot_Vo__Shared_Squint,2057205297,Robot_Vo,Shared_Squint,
Event,,Play__Robot_Vo__Shared_Surprised,2054953516,Robot_Vo,Shared_Surprised,
Event,,Play__Robot_Vo__Shared_Surprised_Short,1145334899,Robot_Vo,Shared_Surprised_Short,
Event,,Play__Robot_Vo__Shared_Suspicious,844374444,Robot_Vo,Shared_Suspicious,
Event,,Play__Robot_Vo__Shared_Suspicious_Short,35665907,Robot_Vo,Shared_Suspicious_Short,
Event,,Play__Robot_Vo__Shared_Take_Damage_Light,3078492749,Robot_Vo,Shared_Take_Damage_Light,
Event,,Play__Robot_Vo__Shared_Thinking_Short,3456819050,Robot_Vo,Shared_Thinking_Short,
Event,,Play__Robot_Vo__Shared_Upgrade_Curious,2081938528,Robot_Vo,Shared_Upgrade_Curious,
Event,,Play__Robot_Vo__Shared_Upgrade_Impressed,1733627270,Robot_Vo,Shared_Upgrade_Impressed,
Event,,Play__Robot_Vo__Shared_Upgrade_Surprised,954550705,Robot_Vo,Shared_Upgrade_Surprised,
Event,,Play__Robot_Vo__Shared_Wake_Up_1,67470331,Robot_Vo,Shared_Wake_Up_1,
Event,,Play__Robot_Vo__Shared_Wake_Up_2,67470328,Robot_Vo,Shared_Wake_Up_2,
Event,,Play__Robot_Vo__Shared_Wake_Up_3,67470329,Robot_Vo,Shared_Wake_Up_3,
Event,,Play__Robot_Vo__Shared_Wake_Up_4,67470334,Robot_Vo,Shared_Wake_Up_4,
Event,,Play__Robot_Vo__Shared_Wake_Up_P1,246308351,Robot_Vo,Shared_Wake_Up_P1,
Event,,Play__Robot_Vo__Shared_Wake_Up_P2,246308348,Robot_Vo,Shared_Wake_Up_P2,
Event,,Play__Robot_Vo__Shared_Wake_Up_Snort,781027234,Robot_Vo,Shared_Wake_Up_Snort,
Event,,Play__Robot_Vo__Sing_Getin_02_01,2742695825,Robot_Vo,Sing_Getin_02_01,
Event,,Play__Robot_Vo__Sing_Getin_02_02,2742695826,Robot_Vo,Sing_Getin_02_02,
Event,,Play__Robot_Vo__Sing_Getin_03_01,1213378778,Robot_Vo,Sing_Getin_03_01,
Event,,Play__Robot_Vo__Sing_Getin_03_02,1213378777,Robot_Vo,Sing_Getin_03_02,
Event,,Play__Robot_Vo__Singing_Getin_1,2007174956,Robot_Vo,Singing_Getin_1,
Event,,Play__Robot_Vo__Singing_Getin_2,2007174959,Robot_Vo,Singing_Getin_2,
Event,,Play__Robot_Vo__Singing_Getin_3,2007174958,Robot_Vo,Singing_Getin_3,
Event,,Play__Robot_Vo__Sparked_Driving,3606845375,Robot_Vo,Sparked_Driving,
Event,,Play__Robot_Vo__Sparked_Driving_Look,2670470879,Robot_Vo,Sparked_Driving_Look,
Event,,Play__Robot_Vo__Sparked_Driving_Start,1233493330,Robot_Vo,Sparked_Driving_Start,
Event,,Play__Robot_Vo__Sparked_Fail,2861844754,Robot_Vo,Sparked_Fail,
Event,,Play__Robot_Vo__Sparked_Out,2452343422,Robot_Vo,Sparked_Out,
Event,,Play__Robot_Vo__Sparked_Pyramid_Complete,1438874844,Robot_Vo,Sparked_Pyramid_Complete,
Event,,Play__Robot_Vo__Sparked_Ready_To_Go,4268262662,Robot_Vo,Sparked_Ready_To_Go,
Event,,Play__Robot_Vo__Sparked_Succeed,4231360462,Robot_Vo,Sparked_Succeed,
Event,,Play__Robot_Vo__Sparked_Succeed_Tada,2693760973,Robot_Vo,Sparked_Succeed_Tada,
Event,,Play__Robot_Vo__Sparked_Surprise,3822640315,Robot_Vo,Sparked_Surprise,
Event,,Play__Robot_Vo__Sparked_Workout_Break_Lift_Pain,492094136,Robot_Vo,Sparked_Workout_Break_Lift_Pain,
Event,,Play__Robot_Vo__Sparked_Workout_Break_Lift_Startled,1138165379,Robot_Vo,Sparked_Workout_Break_Lift_Startled,
Event,,Play__Robot_Vo__Sparked_Workout_Break_Lift_Struggle,9918389,Robot_Vo,Sparked_Workout_Break_Lift_Struggle,
Event,,Play__Robot_Vo__Sparked_Workout_Lift_Fail,1101180372,Robot_Vo,Sparked_Workout_Lift_Fail,
Event,,Play__Robot_Vo__Sparked_Workout_Lift_Fail_Struggle,835476802,Robot_Vo,Sparked_Workout_Lift_Fail_Struggle,
Event,,Play__Robot_Vo__Sparked_Workout_Lift_Fail_Struggle_Long,1462283623,Robot_Vo,Sparked_Workout_Lift_Fail_Struggle_Long,
Event,,Play__Robot_Vo__Sparked_Workout_Lift_Fail_Struggle_Longest,2885068477,Robot_Vo,Sparked_Workout_Lift_Fail_Struggle_Longest,
Event,,Play__Robot_Vo__Sparked_Workout_Lift_Fail_Tired,3312564867,Robot_Vo,Sparked_Workout_Lift_Fail_Tired,
Event,,Play__Robot_Vo__Sparked_Workout_Lift_Success_Showoff,2247677502,Robot_Vo,Sparked_Workout_Lift_Success_Showoff,
Event,,Play__Robot_Vo__Sparked_Workout_Lift_Success_Strong,1844409553,Robot_Vo,Sparked_Workout_Lift_Success_Strong,
Event,,Play__Robot_Vo__Sparked_Workout_Lift_Success_Throw_Block,3296787010,Robot_Vo,Sparked_Workout_Lift_Success_Throw_Block,
Event,,Play__Robot_Vo__Sparked_Workout_Lift_Success_Weak,2216609612,Robot_Vo,Sparked_Workout_Lift_Success_Weak,
Event,,Play__Robot_Vo__Test_English_Nathan,1093959669,Robot_Vo,Test_English_Nathan,
Event,,Play__Robot_Vo__Test_French_Thomas,675768851,Robot_Vo,Test_French_Thomas,
Event,,Play__Robot_Vo__Test_German_Markus,839828754,Robot_Vo,Test_German_Markus,
Event,,Play__Robot_Vo__Test_German_Yannick,440564342,Robot_Vo,Test_German_Yannick,
Event,,Play__Robot_Vo__Test_Japanese_Daisuke,649271426,Robot_Vo,Test_Japanese_Daisuke,
Event,,Play__Robot_Vo__Test_Japanese_Ichiro,3160185928,Robot_Vo,Test_Japanese_Ichiro,
Event,,Play__Robot_Vo__Word_Cat,743962600,Robot_Vo,Word_Cat,
Event,,Play__Robot_Vo__Word_Cube_Happy,1400293052,Robot_Vo,Word_Cube_Happy,
Event,,Play__Robot_Vo__Word_Cube_Neutral,740915407,Robot_Vo,Word_Cube_Neutral,
Event,,Play__Robot_Vo__Word_Cube_Request,3660085349,Robot_Vo,Word_Cube_Request,
Event,,Play__Robot_Vo__Word_Cube_Sad,3995541618,Robot_Vo,Word_Cube_Sad,
Event,,Play__Robot_Vo__Word_Dog,843495306,Robot_Vo,Word_Dog,
Event,,Play__Robot_Vo__Word_Energy_Request_Level_1,3962217785,Robot_Vo,Word_Energy_Request_Level_1,
Event,,Play__Robot_Vo__Word_Energy_Request_Level_2,3962217786,Robot_Vo,Word_Energy_Request_Level_2,
Event,,Play__Robot_Vo__Word_Energy_Shake_Cube,3630074233,Robot_Vo,Word_Energy_Shake_Cube,
Event,,Play__Robot_Vo__Word_Fist_Bump,1089575137,Robot_Vo,Word_Fist_Bump,
Event,,Play__Robot_Vo__Word_Fist_Bump_Request,3296388559,Robot_Vo,Word_Fist_Bump_Request,
Event,,Play__Robot_Vo__Word_Keepaway_Excited,3097808214,Robot_Vo,Word_Keepaway_Excited,
Event,,Play__Robot_Vo__Word_Keepaway_Request,3460255911,Robot_Vo,Word_Keepaway_Request,
Event,,Play__Robot_Vo__Word_Keepaway_Sad,2098273712,Robot_Vo,Word_Keepaway_Sad,
Event,,Play__Robot_Vo__Word_Memory_Match_Happy,2694835404,Robot_Vo,Word_Memory_Match_Happy,
Event,,Play__Robot_Vo__Word_Memory_Match_Request,4090420021,Robot_Vo,Word_Memory_Match_Request,
Event,,Play__Robot_Vo__Word_Memory_Match_Sad,1881407426,Robot_Vo,Word_Memory_Match_Sad,
Event,,Play__Robot_Vo__Word_Peekaboo_Level_1,2687916921,Robot_Vo,Word_Peekaboo_Level_1,
Event,,Play__Robot_Vo__Word_Peekaboo_Request,4173776344,Robot_Vo,Word_Peekaboo_Request,
Event,,Play__Robot_Vo__Word_Play_Level_1_Request,2147550587,Robot_Vo,Word_Play_Level_1_Request,
Event,,Play__Robot_Vo__Word_Play_Level_1_Shout,3890885607,Robot_Vo,Word_Play_Level_1_Shout,
Event,,Play__Robot_Vo__Word_Play_Level_2,583294374,Robot_Vo,Word_Play_Level_2,
Event,,Play__Robot_Vo__Word_Quick_Tap,444948971,Robot_Vo,Word_Quick_Tap,
Event,,Play__Robot_Vo__Word_Speedtap_Excited,2751243663,Robot_Vo,Word_Speedtap_Excited,
Event,,Play__Robot_Vo__Word_Speedtap_Request,919083726,Robot_Vo,Word_Speedtap_Request,
Event,,Play__Sdk__Sfx_Cube_Connected,1348118290,Sdk,Sfx_Cube_Connected,
Event,,Play__Sdk__Sfx_Cube_Light,547519,Sdk,Sfx_Cube_Light,
Event,,Play__Sdk__Sfx_Cube_Light_Blue,1471279738,Sdk,Sfx_Cube_Light_Blue,
Event,,Play__Sdk__Sfx_Cube_Light_Red,1003135343,Sdk,Sfx_Cube_Light_Red,
Event,,Play__Sdk__Sfx_Cube_Light_Yellow,2688904298,Sdk,Sfx_Cube_Light_Yellow,
Event,,Play__Sdk__Sfx_Game_End,3133966309,Sdk,Sfx_Game_End,
Event,,Play__Sdk__Sfx_Game_Lose,338534481,Sdk,Sfx_Game_Lose,
Event,,Play__Sdk__Sfx_Game_Win,3215000236,Sdk,Sfx_Game_Win,
Event,,Play__Sdk__Sfx_Round_End,1198938701,Sdk,Sfx_Round_End,
Event,,Play__Sdk__Ui_Click,3333714278,Sdk,Ui_Click,
Event,,Play__Sdk__Ui_Device_Notification,681875134,Sdk,Ui_Device_Notification,
Event,,Play__Sfx__Banner_Wipe,3247701492,Sfx,Banner_Wipe,
Event,,Play__Sfx__Code_Fragment_Collected,2587766166,Sfx,Code_Fragment_Collected,
Event,,Play__Sfx__Code_Fragment_Released,1918333736,Sfx,Code_Fragment_Released,
Event,,Play__Sfx__Cube_Feeding_Down,2378985973,Sfx,Cube_Feeding_Down,
Event,,Play__Sfx__Cube_Feeding_Loop_Play,3618620556,Sfx,Cube_Feeding_Loop_Play,
Event,,Play__Sfx__Cube_Feeding_Success,3991319706,Sfx,Cube_Feeding_Success,
Event,,Play__Sfx__Cube_Feeding_Up,1378697730,Sfx,Cube_Feeding_Up,
Event,,Play__Sfx__Daily_Goal,3010549659,Sfx,Daily_Goal,
Event,,Play__Sfx__Daily_Reward_Calendar_Disappear,2897417442,Sfx,Daily_Reward_Calendar_Disappear,
Event,,Play__Sfx__Daily_Reward_Collect,878067460,Sfx,Daily_Reward_Collect,
Event,,Play__Sfx__Daily_Reward_Disappear,2538266513,Sfx,Daily_Reward_Disappear,
Event,,Play__Sfx__Daily_Reward_Goal_Collect,2962215520,Sfx,Daily_Reward_Goal_Collect,
Event,,Play__Sfx__Daily_Reward_Open,1796529350,Sfx,Daily_Reward_Open,
Event,,Play__Sfx__Daily_Reward_Status,2202351196,Sfx,Daily_Reward_Status,
Event,,Play__Sfx__Emotion_Chip_Charged_Start,2709491700,Sfx,Emotion_Chip_Charged_Start,
Event,,Play__Sfx__Emotion_Chip_Charged_Tap,53415191,Sfx,Emotion_Chip_Charged_Tap,
Event,,Play__Sfx__Game_End,3871304392,Sfx,Game_End,
Event,,Play__Sfx__Game_Start,126137843,Sfx,Game_Start,
Event,,Play__Sfx__Gp_Explorer_Night_Vision_Off,132505315,Sfx,Gp_Explorer_Night_Vision_Off,
Event,,Play__Sfx__Gp_Explorer_Night_Vision_On,4183101071,Sfx,Gp_Explorer_Night_Vision_On,
Event,,Play__Sfx__Gp_Mm_Light_Blue,944508478,Sfx,Gp_Mm_Light_Blue,
Event,,Play__Sfx__Gp_Mm_Light_Red,153648099,Sfx,Gp_Mm_Light_Red,
Event,,Play__Sfx__Gp_Mm_Light_Yellow,771679342,Sfx,Gp_Mm_Light_Yellow,
Event,,Play__Sfx__Gp_Mm_Pattern_Start,2601428284,Sfx,Gp_Mm_Pattern_Start,
Event,,Play__Sfx__Gp_Shared_Block_Connect,3790068130,Sfx,Gp_Shared_Block_Connect,
Event,,Play__Sfx__Gp_Shared_Game_End,2218318430,Sfx,Gp_Shared_Game_End,
Event,,Play__Sfx__Gp_Shared_Request_Game,1936634046,Sfx,Gp_Shared_Request_Game,
Event,,Play__Sfx__Gp_Shared_Round_End,3799430148,Sfx,Gp_Shared_Round_End,
Event,,Play__Sfx__Gp_St_Cube_Cozmo_Tap,2843679148,Sfx,Gp_St_Cube_Cozmo_Tap,
Event,,Play__Sfx__Gp_St_Lightup,231361703,Sfx,Gp_St_Lightup,
Event,,Play__Sfx__Gp_St_Lose,4278097031,Sfx,Gp_St_Lose,
Event,,Play__Sfx__Gp_St_Tap_Red,600994811,Sfx,Gp_St_Tap_Red,
Event,,Play__Sfx__Gp_St_Win,2704467806,Sfx,Gp_St_Win,
Event,,Play__Sfx__Nurture_Background_Appear_Onboarding,262762452,Sfx,Nurture_Background_Appear_Onboarding,
Event,,Play__Sfx__Nurture_Earn_Bonus_Box,2011411516,Sfx,Nurture_Earn_Bonus_Box,
Event,,Play__Sfx__Nurture_Earn_Token,2096533448,Sfx,Nurture_Earn_Token,
Event,,Play__Sfx__Nurture_Meter_Appear,2123372857,Sfx,Nurture_Meter_Appear,
Event,,Play__Sfx__Nurture_Meter_Appear_Onboarding,2779592687,Sfx,Nurture_Meter_Appear_Onboarding,
Event,,Play__Sfx__Nurture_Meter_Down,3230535882,Sfx,Nurture_Meter_Down,
Event,,Play__Sfx__Nurture_Meter_Down_Connected,2210253730,Sfx,Nurture_Meter_Down_Connected,
Event,,Play__Sfx__Nurture_Meter_Full,4064083045,Sfx,Nurture_Meter_Full,
Event,,Play__Sfx__Nurture_Meter_Severe_Start,3001551979,Sfx,Nurture_Meter_Severe_Start,
Event,,Play__Sfx__Nurture_Meter_Up,1865902409,Sfx,Nurture_Meter_Up,
Event,,Play__Sfx__Nurture_Meter_Up_Disconnected,3142067853,Sfx,Nurture_Meter_Up_Disconnected,
Event,,Play__Sfx__Nurture_Popup,3135833018,Sfx,Nurture_Popup,
Event,,Play__Sfx__Onboarding_Test_Tone,1823946677,Sfx,Onboarding_Test_Tone,
Event,,Play__Sfx__Placeholder,3278074531,Sfx,Placeholder,
Event,,Play__Sfx__Relationship_Gain,1770649520,Sfx,Relationship_Gain,
Event,,Play__Sfx__Relationship_Gain_Collect,447401587,Sfx,Relationship_Gain_Collect,
Event,,Play__Sfx__Repair_Calibrate,1047777997,Sfx,Repair_Calibrate,
Event,,Play__Sfx__Repair_Level_Success,3944925464,Sfx,Repair_Level_Success,
Event,,Play__Sfx__Repair_Pattern_Complete,1670593078,Sfx,Repair_Pattern_Complete,
Event,,Play__Sfx__Repair_Pattern_Down,3820109879,Sfx,Repair_Pattern_Down,
Event,,Play__Sfx__Repair_Pattern_Error,2689322891,Sfx,Repair_Pattern_Error,
Event,,Play__Sfx__Repair_Pattern_Up,4229457120,Sfx,Repair_Pattern_Up,
Event,,Play__Sfx__Repair_Scan,2465239373,Sfx,Repair_Scan,
Event,,Play__Sfx__Repair_Scan_Complete,649332933,Sfx,Repair_Scan_Complete,
Event,,Play__Sfx__Repair_Success_Complete,3969829927,Sfx,Repair_Success_Complete,
Event,,Play__Sfx__Repair_Success_Round,1470861090,Sfx,Repair_Success_Round,
Event,,Play__Sfx__Repair_Tap_Arrow,821377663,Sfx,Repair_Tap_Arrow,
Event,,Play__Sfx__Spark_Gain,2596085903,Sfx,Spark_Gain,
Event,,Play__Sfx__Spark_Launch,38276463,Sfx,Spark_Launch,
Event,,Play__Sfx__Spark_Success,3587224415,Sfx,Spark_Success,
Event,,Play__Ui__Attention_Device,796149778,Ui,Attention_Device,
Event,,Play__Ui__Click_Back,3218349115,Ui,Click_Back,
Event,,Play__Ui__Click_General,902542,Ui,Click_General,
Event,,Play__Ui__Cozmo_Connect,647774144,Ui,Cozmo_Connect,
Event,,Play__Ui__Cozmo_Connect_Fail,1743202231,Ui,Cozmo_Connect_Fail,
Event,,Play__Ui__Cozmo_Connect_Scan_Loop,1356238993,Ui,Cozmo_Connect_Scan_Loop,
Event,,Play__Ui__Cozmo_Connect_Scan_Loop_Stop,698059508,Ui,Cozmo_Connect_Scan_Loop_Stop,
Event,,Play__Ui__Cozmo_Disconnect,2439191052,Ui,Cozmo_Disconnect,
Event,,Play__Ui__Cozmo_Error,3105114476,Ui,Cozmo_Error,
Event,,Play__Ui__Cozmo_Upgrade,1233383102,Ui,Cozmo_Upgrade,
Event,,Play__Ui__Placeholder,1840201236,Ui,Placeholder,
Event,,Play__Ui__Window_Close,974187556,Ui,Window_Close,
Event,,Play__Ui__Window_Open,1763539616,Ui,Window_Open,
Event,,Play__Ui__Window_Vertical_Wipe,931790836,Ui,Window_Vertical_Wipe,
Event,,Stop__Codelab__Music_Hot_Potato_Level_1_Loop_Stop,2689778401,Codelab,Music_Hot_Potato_Level_1_Loop_Stop,
Event,,Stop__Codelab__Music_Hot_Potato_Level_2_Loop_Stop,3058241090,Codelab,Music_Hot_Potato_Level_2_Loop_Stop,
Event,,Stop__Codelab__Music_Hot_Potato_Level_3_Loop_Stop,2301371667,Codelab,Music_Hot_Potato_Level_3_Loop_Stop,
Event,,Stop__Codelab__Music_Hot_Potato_Level_4_Loop_Stop,3129138908,Codelab,Music_Hot_Potato_Level_4_Loop_Stop,
Event,,Stop__Codelab__Music_Loop_Disco_1_135Bpm_Loop_Stop,305070185,Codelab,Music_Loop_Disco_1_135Bpm_Loop_Stop,
Event,,Stop__Codelab__Music_Style_80S_1_159Bpm_Loop_Stop,1451276801,Codelab,Music_Style_80S_1_159Bpm_Loop_Stop,
Event,,Stop__Codelab__Music_Style_Mambo_1_183Bpm_Loop_Stop,1709157641,Codelab,Music_Style_Mambo_1_183Bpm_Loop_Stop,
Event,,Stop__Codelab__Music_Tiny_Orchestra_Bass_01_Loop_Stop,1353021637,Codelab,Music_Tiny_Orchestra_Bass_01_Loop_Stop,
Event,,Stop__Codelab__Music_Tiny_Orchestra_Bass_02_Loop_Stop,3636979286,Codelab,Music_Tiny_Orchestra_Bass_02_Loop_Stop,
Event,,Stop__Codelab__Music_Tiny_Orchestra_Bass_03_Loop_Stop,1838210855,Codelab,Music_Tiny_Orchestra_Bass_03_Loop_Stop,
Event,,Stop__Codelab__Music_Tiny_Orchestra_Glock_Pluck_01_Loop_Stop,1371551766,Codelab,Music_Tiny_Orchestra_Glock_Pluck_01_Loop_Stop,
Event,,Stop__Codelab__Music_Tiny_Orchestra_Glock_Pluck_02_Loop_Stop,1925511301,Codelab,Music_Tiny_Orchestra_Glock_Pluck_02_Loop_Stop,
Event,,Stop__Codelab__Music_Tiny_Orchestra_Glock_Pluck_03_Loop_Stop,2578133564,Codelab,Music_Tiny_Orchestra_Glock_Pluck_03_Loop_Stop,
Event,,Stop__Codelab__Music_Tiny_Orchestra_Strings_01_Loop_Stop,3051334784,Codelab,Music_Tiny_Orchestra_Strings_01_Loop_Stop,
Event,,Stop__Codelab__Music_Tiny_Orchestra_Strings_02_Loop_Stop,3105309531,Codelab,Music_Tiny_Orchestra_Strings_02_Loop_Stop,
Event,,Stop__Codelab__Music_Tiny_Orchestra_Strings_03_Loop_Stop,4031668042,Codelab,Music_Tiny_Orchestra_Strings_03_Loop_Stop,
Event,,Stop__Cue_World_Event__Cubes_Stacked,1000549318,Cue_World_Event,Cubes_Stacked,
Event,,Stop__Cue_World_Event__Lift_Cube,3519020371,Cue_World_Event,Lift_Cube,
Event,,Stop__Cue_World_Event__Request_Game,87707182,Cue_World_Event,Request_Game,
Event,,Stop__Music__Stop,148746486,Music,Stop,
Event,,Stop__Robot_Sfx__Bpk_Blue_Loop_Stop,3465206791,Robot_Sfx,Bpk_Blue_Loop_Stop,
Event,,Stop__Robot_Sfx__Bpk_Green_Loop_Stop,1179892788,Robot_Sfx,Bpk_Green_Loop_Stop,
Event,,Stop__Robot_Sfx__Bpk_Red_Loop_Stop,1319205172,Robot_Sfx,Bpk_Red_Loop_Stop,
Event,,Stop__Robot_Sfx__Bpk_White_Loop_Stop,3518231466,Robot_Sfx,Bpk_White_Loop_Stop,
Event,,Stop__Robot_Sfx__Effort_Long_Stop,809545185,Robot_Sfx,Effort_Long_Stop,
Event,,Stop__Robot_Sfx__Nurture_Feeding_Severe_Slurp_1,200619089,Robot_Sfx,Nurture_Feeding_Severe_Slurp_1,
Event,,Stop__Robot_Sfx__Nurture_Feeding_Severe_Slurp_2,200619090,Robot_Sfx,Nurture_Feeding_Severe_Slurp_2,
Event,,Stop__Robot_Sfx__Nurture_Feeding_Slurp_1,1468592372,Robot_Sfx,Nurture_Feeding_Slurp_1,
Event,,Stop__Robot_Sfx__Nurture_Feeding_Slurp_2,1468592375,Robot_Sfx,Nurture_Feeding_Slurp_2,
Event,,Stop__Robot_Sfx__Nurture_Feeding_Slurp_3,1468592374,Robot_Sfx,Nurture_Feeding_Slurp_3,
Event,,Stop__Robot_Sfx__Scrn_Angry_Loop_Stop,135679235,Robot_Sfx,Scrn_Angry_Loop_Stop,
Event,,Stop__Robot_Sfx__Scrn_Curious_Loop_Stop,3150837778,Robot_Sfx,Scrn_Curious_Loop_Stop,
Event,,Stop__Robot_Sfx__Scrn_Happy_Loop_Stop,3894707430,Robot_Sfx,Scrn_Happy_Loop_Stop,
Event,,Stop__Robot_Sfx__Sparked_Workout_Break_Loop_Stop,2283733205,Robot_Sfx,Sparked_Workout_Break_Loop_Stop,
Event,,Stop__Robot_Sfx__Srv_Angry_Loop_Stop,3852925444,Robot_Sfx,Srv_Angry_Loop_Stop,
Event,,Stop__Robot_Sfx__Srv_Curious_Loop_Stop,157449021,Robot_Sfx,Srv_Curious_Loop_Stop,
Event,,Stop__Robot_Sfx__Srv_Happy_Loop_Stop,1264167769,Robot_Sfx,Srv_Happy_Loop_Stop,
Event,,Stop__Robot_Vic_Sfx__Dsp_Loop_Stop,816586909,Robot_Vic_Sfx,Dsp_Loop_Stop,
Event,,Stop__Robot_Vic_Sfx__Head_Loop_Stop,797290054,Robot_Vic_Sfx,Head_Loop_Stop,
Event,,Stop__Robot_Vic_Sfx__Lift_Loop_Stop,736173087,Robot_Vic_Sfx,Lift_Loop_Stop,
Event,,Stop__Robot_Vic_Sfx__Purr_Loop_Stop,3624594237,Robot_Vic_Sfx,Purr_Loop_Stop,
Event,,Stop__Robot_Vic_Sfx__Scan_Loop_Stop,3329286691,Robot_Vic_Sfx,Scan_Loop_Stop,
Event,,Stop__Robot_Vic_Sfx__Tread_Loop_Stop,990175872,Robot_Vic_Sfx,Tread_Loop_Stop,
Event,,Stop__Robot_Vo__Cozmo_Singing_Stop,3704466058,Robot_Vo,Cozmo_Singing_Stop,
Event,,Stop__Robot_Vo__Dizzy_Loop_Stop,1227825367,Robot_Vo,Dizzy_Loop_Stop,
Event,,Stop__Robot_Vo__Gp_Guard_Dog_Fail_Loop,2820253451,Robot_Vo,Gp_Guard_Dog_Fail_Loop,
Event,,Stop__Robot_Vo__Nurture_Energy_Tired_Loop,3588842637,Robot_Vo,Nurture_Energy_Tired_Loop,
Event,,Stop__Robot_Vo__Shared_Angry_Muttering_Loop_Stop,3111285294,Robot_Vo,Shared_Angry_Muttering_Loop_Stop,
Event,,Stop__Robot_Vo__Shared_Excited_Loop_Stop,1864261839,Robot_Vo,Shared_Excited_Loop_Stop,
Event,,Stop__Robot_Vo__Shared_Frantic_Muttering_Loop_Stop,141017286,Robot_Vo,Shared_Frantic_Muttering_Loop_Stop,
Event,,Stop__Robot_Vo__Shared_Fussy_Loop_Stop,3912485995,Robot_Vo,Shared_Fussy_Loop_Stop,
Event,,Stop__Robot_Vo__Shared_Giggle_Happy_Loop_Stop,3962033227,Robot_Vo,Shared_Giggle_Happy_Loop_Stop,
Event,,Stop__Robot_Vo__Shared_Happy_Loop_Stop,4286366971,Robot_Vo,Shared_Happy_Loop_Stop,
Event,,Stop__Robot_Vo__Shared_Idea_Loop_Stop,273762158,Robot_Vo,Shared_Idea_Loop_Stop,
Event,,Stop__Robot_Vo__Sparked_Workout_Lift_Fail_Struggle_Longest_Stop,1084850966,Robot_Vo,Sparked_Workout_Lift_Fail_Struggle_Longest_Stop,
Event,,Stop__Sfx__Cube_Feeding_Loop_Stop,3890113136,Sfx,Cube_Feeding_Loop_Stop,
Event,,Stop__Sfx__Repair_Scan_Stop,1631036014,Sfx,Repair_Scan_Stop,
